id,soma_joinid,collection_id,collection_name,collection_doi,dataset_id,dataset_title,dataset_h5ad_path,dataset_total_cell_count
5,5,e5f58829-1a66-40b5-a624-9046778e74f5,Tabula Sapiens,10.1126/science.abl4896,ff45e623-7f5f-46e3-b47d-56be0341f66b,Tabula Sapiens - Pancreas,ff45e623-7f5f-46e3-b47d-56be0341f66b.h5ad,13497
6,6,e5f58829-1a66-40b5-a624-9046778e74f5,Tabula Sapiens,10.1126/science.abl4896,f01bdd17-4902-40f5-86e3-240d66dd2587,Tabula Sapiens - Salivary_Gland,f01bdd17-4902-40f5-86e3-240d66dd2587.h5ad,27199
7,7,e5f58829-1a66-40b5-a624-9046778e74f5,Tabula Sapiens,10.1126/science.abl4896,e6a11140-2545-46bc-929e-da243eed2cae,Tabula Sapiens - Heart,e6a11140-2545-46bc-929e-da243eed2cae.h5ad,11505
8,8,e5f58829-1a66-40b5-a624-9046778e74f5,Tabula Sapiens,10.1126/science.abl4896,e5c63d94-593c-4338-a489-e1048599e751,Tabula Sapiens - Bladder,e5c63d94-593c-4338-a489-e1048599e751.h5ad,24583
9,9,e5f58829-1a66-40b5-a624-9046778e74f5,Tabula Sapiens,10.1126/science.abl4896,d8732da6-8d1d-42d9-b625-f2416c30054b,Tabula Sapiens - Trachea,d8732da6-8d1d-42d9-b625-f2416c30054b.h5ad,9522
10,10,e5f58829-1a66-40b5-a624-9046778e74f5,Tabula Sapiens,10.1126/science.abl4896,d77ec7d6-ef2e-49d6-9e79-05b7f8881484,Tabula Sapiens - Prostate,d77ec7d6-ef2e-49d6-9e79-05b7f8881484.h5ad,16375
11,11,e5f58829-1a66-40b5-a624-9046778e74f5,Tabula Sapiens,10.1126/science.abl4896,cee11228-9f0b-4e57-afe2-cfe15ee56312,Tabula Sapiens - Spleen,cee11228-9f0b-4e57-afe2-cfe15ee56312.h5ad,34004
12,12,e5f58829-1a66-40b5-a624-9046778e74f5,Tabula Sapiens,10.1126/science.abl4896,a357414d-2042-4eb5-95f0-c58604a18bdd,Tabula Sapiens - Small_Intestine,a357414d-2042-4eb5-95f0-c58604a18bdd.h5ad,12467
13,13,e5f58829-1a66-40b5-a624-9046778e74f5,Tabula Sapiens,10.1126/science.abl4896,a2d4d33e-4c62-4361-b80a-9be53d2e50e8,Tabula Sapiens - Vasculature,a2d4d33e-4c62-4361-b80a-9be53d2e50e8.h5ad,16037
14,14,e5f58829-1a66-40b5-a624-9046778e74f5,Tabula Sapiens,10.1126/science.abl4896,a0754256-f44b-4c4a-962c-a552e47d3fdc,Tabula Sapiens - Eye,a0754256-f44b-4c4a-962c-a552e47d3fdc.h5ad,10650
15,15,e5f58829-1a66-40b5-a624-9046778e74f5,Tabula Sapiens,10.1126/science.abl4896,983d5ec9-40e8-4512-9e65-a572a9c486cb,Tabula Sapiens - Blood,983d5ec9-40e8-4512-9e65-a572a9c486cb.h5ad,50115
16,16,e5f58829-1a66-40b5-a624-9046778e74f5,Tabula Sapiens,10.1126/science.abl4896,7357cee7-9f7f-4ab0-8cec-90de8f047e38,Tabula Sapiens - Large_Intestine,7357cee7-9f7f-4ab0-8cec-90de8f047e38.h5ad,13680
17,17,e5f58829-1a66-40b5-a624-9046778e74f5,Tabula Sapiens,10.1126/science.abl4896,6ec405bb-4727-4c6d-ab4e-01fe489af7ea,Tabula Sapiens - Uterus,6ec405bb-4727-4c6d-ab4e-01fe489af7ea.h5ad,7124
18,18,e5f58829-1a66-40b5-a624-9046778e74f5,Tabula Sapiens,10.1126/science.abl4896,6d41668c-168c-4500-b06a-4674ccf3e19d,Tabula Sapiens - Liver,6d41668c-168c-4500-b06a-4674ccf3e19d.h5ad,5007
19,19,e5f58829-1a66-40b5-a624-9046778e74f5,Tabula Sapiens,10.1126/science.abl4896,5e5e7a2f-8f1c-42ac-90dc-b4f80f38e84c,Tabula Sapiens - Fat,5e5e7a2f-8f1c-42ac-90dc-b4f80f38e84c.h5ad,20263
20,20,e5f58829-1a66-40b5-a624-9046778e74f5,Tabula Sapiens,10.1126/science.abl4896,55cf0ea3-9d2b-4294-871e-bb4b49a79fc7,Tabula Sapiens - Tongue,55cf0ea3-9d2b-4294-871e-bb4b49a79fc7.h5ad,15020
21,21,e5f58829-1a66-40b5-a624-9046778e74f5,Tabula Sapiens,10.1126/science.abl4896,4f1555bc-4664-46c3-a606-78d34dd10d92,Tabula Sapiens - Bone_Marrow,4f1555bc-4664-46c3-a606-78d34dd10d92.h5ad,12297
22,22,e5f58829-1a66-40b5-a624-9046778e74f5,Tabula Sapiens,10.1126/science.abl4896,2ba40233-8576-4dec-a5f1-2adfa115e2dc,Tabula Sapiens - Mammary,2ba40233-8576-4dec-a5f1-2adfa115e2dc.h5ad,11375
23,23,e5f58829-1a66-40b5-a624-9046778e74f5,Tabula Sapiens,10.1126/science.abl4896,2423ce2c-3149-4cca-a2ff-cf682ea29b5f,Tabula Sapiens - Kidney,2423ce2c-3149-4cca-a2ff-cf682ea29b5f.h5ad,9641
24,24,e5f58829-1a66-40b5-a624-9046778e74f5,Tabula Sapiens,10.1126/science.abl4896,1c9eb291-6d31-47e1-96b2-129b5e1ae64f,Tabula Sapiens - Muscle,1c9eb291-6d31-47e1-96b2-129b5e1ae64f.h5ad,30746
25,25,e5f58829-1a66-40b5-a624-9046778e74f5,Tabula Sapiens,10.1126/science.abl4896,18eb630b-a754-4111-8cd4-c24ec80aa5ec,Tabula Sapiens - Lymph_Node,18eb630b-a754-4111-8cd4-c24ec80aa5ec.h5ad,53275
26,26,e5f58829-1a66-40b5-a624-9046778e74f5,Tabula Sapiens,10.1126/science.abl4896,0d2ee4ac-05ee-40b2-afb6-ebb584caa867,Tabula Sapiens - Lung,0d2ee4ac-05ee-40b2-afb6-ebb584caa867.h5ad,35682
27,27,e5f58829-1a66-40b5-a624-9046778e74f5,Tabula Sapiens,10.1126/science.abl4896,0ced5e76-6040-47ff-8a72-93847965afc0,Tabula Sapiens - Thymus,0ced5e76-6040-47ff-8a72-93847965afc0.h5ad,33664
28,28,e5f58829-1a66-40b5-a624-9046778e74f5,Tabula Sapiens,10.1126/science.abl4896,0041b9c3-6a49-4bf7-8514-9bc7190067a7,Tabula Sapiens - Skin,0041b9c3-6a49-4bf7-8514-9bc7190067a7.h5ad,9424
29,29,9d63fcf1-5ca0-4006-8d8f-872f3327dbe9,"Brain matters: Unveiling the Distinct Contributions of Region, Age, and Sex to Glia diversity and CNS Function",10.1186/s40478-023-01568-z,c8f83821-a242-4ed7-86e9-7da077f5d348,white matter - astrocytes,c8f83821-a242-4ed7-86e9-7da077f5d348.h5ad,3596
30,30,9d63fcf1-5ca0-4006-8d8f-872f3327dbe9,"Brain matters: Unveiling the Distinct Contributions of Region, Age, and Sex to Glia diversity and CNS Function",10.1186/s40478-023-01568-z,c05e6940-729c-47bd-a2a6-6ce3730c4919,white matter - all cells,c05e6940-729c-47bd-a2a6-6ce3730c4919.h5ad,45528
31,31,9d63fcf1-5ca0-4006-8d8f-872f3327dbe9,"Brain matters: Unveiling the Distinct Contributions of Region, Age, and Sex to Glia diversity and CNS Function",10.1186/s40478-023-01568-z,894573ad-498f-47ee-9bec-ad0880147eea,white matter - neurons,894573ad-498f-47ee-9bec-ad0880147eea.h5ad,10734
32,32,9d63fcf1-5ca0-4006-8d8f-872f3327dbe9,"Brain matters: Unveiling the Distinct Contributions of Region, Age, and Sex to Glia diversity and CNS Function",10.1186/s40478-023-01568-z,84242d25-f656-4ca6-8e8d-f3d2beeba11f,white matter - microglia,84242d25-f656-4ca6-8e8d-f3d2beeba11f.h5ad,3851
33,33,9d63fcf1-5ca0-4006-8d8f-872f3327dbe9,"Brain matters: Unveiling the Distinct Contributions of Region, Age, and Sex to Glia diversity and CNS Function",10.1186/s40478-023-01568-z,3d044b52-140a-4528-bf0d-a2dbef9e1f40,white matter - vascular cells,3d044b52-140a-4528-bf0d-a2dbef9e1f40.h5ad,4880
34,34,9d63fcf1-5ca0-4006-8d8f-872f3327dbe9,"Brain matters: Unveiling the Distinct Contributions of Region, Age, and Sex to Glia diversity and CNS Function",10.1186/s40478-023-01568-z,12194ced-8086-458e-84a8-e2ab935d8db1,white matter - oligodendroglia,12194ced-8086-458e-84a8-e2ab935d8db1.h5ad,21968
43,43,283d65eb-dd53-496d-adb7-7570c7caa443,Transcriptomic diversity of cell types across the adult human brain,10.1101/2022.10.12.511898,8e10f1c4-8e98-41e5-b65f-8cd89a887122,All neurons,8e10f1c4-8e98-41e5-b65f-8cd89a887122.h5ad,2480956
44,44,6b701826-37bb-4356-9792-ff41fc4c3161,Abdominal White Adipose Tissue,,9d8e5dca-03a3-457d-b7fb-844c75735c83,22 integrated samples,9d8e5dca-03a3-457d-b7fb-844c75735c83.h5ad,72335
49,49,74e10dc4-cbb2-4605-a189-8a1cd8e44d8c,Spatial proteogenomics reveals distinct and evolutionarily conserved hepatic macrophage niches,10.1016/j.cell.2021.12.018,e84f2780-51e8-4cfa-8aa0-13bbfef677c7,All cells from human liver dataset,e84f2780-51e8-4cfa-8aa0-13bbfef677c7.h5ad,167598
50,50,74e10dc4-cbb2-4605-a189-8a1cd8e44d8c,Spatial proteogenomics reveals distinct and evolutionarily conserved hepatic macrophage niches,10.1016/j.cell.2021.12.018,dfdf1ae2-d624-4004-9353-f18b902f6bca,Myeloid cells from human liver dataset,dfdf1ae2-d624-4004-9353-f18b902f6bca.h5ad,40821
51,51,74e10dc4-cbb2-4605-a189-8a1cd8e44d8c,Spatial proteogenomics reveals distinct and evolutionarily conserved hepatic macrophage niches,10.1016/j.cell.2021.12.018,d1cbed97-d88f-4954-8925-13302fe30b39,CD45 negative cells from human liver dataset,d1cbed97-d88f-4954-8925-13302fe30b39.h5ad,15481
52,52,74e10dc4-cbb2-4605-a189-8a1cd8e44d8c,Spatial proteogenomics reveals distinct and evolutionarily conserved hepatic macrophage niches,10.1016/j.cell.2021.12.018,b03e4ef8-4e6b-47f4-84a7-e8ed033d08cd,Lymphoid cells from human liver dataset,b03e4ef8-4e6b-47f4-84a7-e8ed033d08cd.h5ad,105790
53,53,6d203948-a779-4b69-9b3f-1ee1dadc3980,"Differential cell composition and split epidermal differentiation in human palm, sole, and hip skin",10.1016/j.celrep.2023.111994,f1f123cc-ca2c-460f-b7f1-88240efb1e82,UMAP visualization of keratinocyte subclusters,f1f123cc-ca2c-460f-b7f1-88240efb1e82.h5ad,9471
54,54,6d203948-a779-4b69-9b3f-1ee1dadc3980,"Differential cell composition and split epidermal differentiation in human palm, sole, and hip skin",10.1016/j.celrep.2023.111994,de94c504-4b58-4f42-b68d-74a8e4892f0e,UMAP visualization of all 12 datasets,de94c504-4b58-4f42-b68d-74a8e4892f0e.h5ad,15243
55,55,6d203948-a779-4b69-9b3f-1ee1dadc3980,"Differential cell composition and split epidermal differentiation in human palm, sole, and hip skin",10.1016/j.celrep.2023.111994,da684768-fb01-455b-9f0f-b63a3e2f844f,UMAP visualization of fibroblast subclusters,da684768-fb01-455b-9f0f-b63a3e2f844f.h5ad,2303
56,56,6f6d381a-7701-4781-935c-db10d30de293,The integrated Human Lung Cell Atlas,10.1038/s41591-023-02327-2,9f222629-9e39-47d0-b83f-e08d610c7479,An integrated cell atlas of the human lung in health and disease (full),9f222629-9e39-47d0-b83f-e08d610c7479.h5ad,2282447
57,57,ced320a1-29f3-47c1-a735-513c7084d508,Asian Immune Diversity Atlas (AIDA),,b0e547f0-462b-4f81-b31b-5b0a5d96f537,"AIDA Phase 1: Chinese, Indian, Japanese, Korean, and Malay donors in Japan, Singapore, and South Korea",b0e547f0-462b-4f81-b31b-5b0a5d96f537.h5ad,1058909
59,59,1df8c90d-d299-4b2e-a54d-a5a80f36e780,"Single-cell analyses of renal cell cancers reveal insights into tumor microenvironment, cell of origin, and therapy response",10.1073/pnas.2103240118,f801b7a9-80a6-4d09-9161-71474deb58ae,"normal - Single-cell analyses of renal cell cancers reveal insights into tumor microenvironment, cell of origin, and therapy response",f801b7a9-80a6-4d09-9161-71474deb58ae.h5ad,6044
62,62,48259aa8-f168-4bf5-b797-af8e88da6637,Human breast cell atlas,10.1101/2023.04.21.537845,be35c935-ee4f-475c-9d3c-97630d59a735,HBCA - stroma,be35c935-ee4f-475c-9d3c-97630d59a735.h5ad,413997
63,63,48259aa8-f168-4bf5-b797-af8e88da6637,Human breast cell atlas,10.1101/2023.04.21.537845,975e13b6-bec1-4eed-b46a-9be1f1357373,HBCA - epithelial,975e13b6-bec1-4eed-b46a-9be1f1357373.h5ad,353167
64,64,48259aa8-f168-4bf5-b797-af8e88da6637,Human breast cell atlas,10.1101/2023.04.21.537845,24ec2dc5-3573-4d66-a9e1-25b7dcf43e27,HBCA - immune,24ec2dc5-3573-4d66-a9e1-25b7dcf43e27.h5ad,23714
65,65,48259aa8-f168-4bf5-b797-af8e88da6637,Human breast cell atlas,10.1101/2023.04.21.537845,0ba636a1-4754-4786-a8be-7ab3cf760fd6,HBCA - global,0ba636a1-4754-4786-a8be-7ab3cf760fd6.h5ad,800198
66,66,1ca90a2d-2943-483d-b678-b809bf464c30,SEA-AD: Seattle Alzheimerâ€™s Disease Brain Cell Atlas,10.1101/2023.05.08.539485,c2876b1b-06d8-4d96-a56b-5304f815b99a,Whole Taxonomy - MTG: Seattle Alzheimer's Disease Atlas (SEA-AD),c2876b1b-06d8-4d96-a56b-5304f815b99a.h5ad,1226855
77,77,dfc09a93-bce0-4c77-893d-e153d1b7f9fa,Charting human development using a multi-endodermal organ atlas and organoid models,10.1016/j.cell.2021.04.028,ee195b7d-184d-4dfa-9b1c-51a7e601ac11,Adult duodenum,ee195b7d-184d-4dfa-9b1c-51a7e601ac11.h5ad,5200
79,79,283d65eb-dd53-496d-adb7-7570c7caa443,Transcriptomic diversity of cell types across the adult human brain,10.1101/2022.10.12.511898,b165f033-9dec-468a-9248-802fc6902a74,All non-neuronal cells,b165f033-9dec-468a-9248-802fc6902a74.h5ad,888263
80,80,e4c9ed14-e560-4900-a3bf-b0f8d2ce6a10,A molecular single-cell lung atlas of lethal COVID-19,10.1038/s41586-021-03569-1,d8da613f-e681-4c69-b463-e94f5e66847f,A molecular single-cell lung atlas of lethal COVID-19,d8da613f-e681-4c69-b463-e94f5e66847f.h5ad,116313
87,87,939769a8-d8d2-4d01-abfc-55699893fd49,Integration of eQTL and a Single-Cell Atlas in the Human Eye Identifies Causal Genes for Age-Related Macular Degeneration,10.1016/j.celrep.2019.12.082,f8c77961-67a7-4161-b8c2-61c3f917b54f,Amacrine cells of human eye,f8c77961-67a7-4161-b8c2-61c3f917b54f.h5ad,6101
88,88,939769a8-d8d2-4d01-abfc-55699893fd49,Integration of eQTL and a Single-Cell Atlas in the Human Eye Identifies Causal Genes for Age-Related Macular Degeneration,10.1016/j.celrep.2019.12.082,e6dad530-418b-47f9-af6e-472e56a7b314,All cell types of human eye,e6dad530-418b-47f9-af6e-472e56a7b314.h5ad,100055
89,89,939769a8-d8d2-4d01-abfc-55699893fd49,Integration of eQTL and a Single-Cell Atlas in the Human Eye Identifies Causal Genes for Age-Related Macular Degeneration,10.1016/j.celrep.2019.12.082,de17ac25-550a-4018-be75-bbb485a0636e,Myeloid cells of human eye,de17ac25-550a-4018-be75-bbb485a0636e.h5ad,395
90,90,939769a8-d8d2-4d01-abfc-55699893fd49,Integration of eQTL and a Single-Cell Atlas in the Human Eye Identifies Causal Genes for Age-Related Macular Degeneration,10.1016/j.celrep.2019.12.082,d95ab381-2b7c-4885-b168-0097ed4e397f,Cone cells of human eye,d95ab381-2b7c-4885-b168-0097ed4e397f.h5ad,1378
91,91,939769a8-d8d2-4d01-abfc-55699893fd49,Integration of eQTL and a Single-Cell Atlas in the Human Eye Identifies Causal Genes for Age-Related Macular Degeneration,10.1016/j.celrep.2019.12.082,cec9f9a5-8832-437d-99af-fb8237cde54b,Retinal ganglion cells of human eye,cec9f9a5-8832-437d-99af-fb8237cde54b.h5ad,1777
92,92,939769a8-d8d2-4d01-abfc-55699893fd49,Integration of eQTL and a Single-Cell Atlas in the Human Eye Identifies Causal Genes for Age-Related Macular Degeneration,10.1016/j.celrep.2019.12.082,c3d381b2-3104-444e-8ad5-d3524407bbb6,Horizontal cells of human eye,c3d381b2-3104-444e-8ad5-d3524407bbb6.h5ad,1875
93,93,939769a8-d8d2-4d01-abfc-55699893fd49,Integration of eQTL and a Single-Cell Atlas in the Human Eye Identifies Causal Genes for Age-Related Macular Degeneration,10.1016/j.celrep.2019.12.082,ab5b2256-b209-48b5-a801-c5d9a8c0de56,Non-neuronal cells of human eye,ab5b2256-b209-48b5-a801-c5d9a8c0de56.h5ad,8193
94,94,939769a8-d8d2-4d01-abfc-55699893fd49,Integration of eQTL and a Single-Cell Atlas in the Human Eye Identifies Causal Genes for Age-Related Macular Degeneration,10.1016/j.celrep.2019.12.082,9cfee1e6-b24f-433d-a269-f01841655d6a,Retinal pigment epithelial cells of human eye,9cfee1e6-b24f-433d-a269-f01841655d6a.h5ad,1635
95,95,939769a8-d8d2-4d01-abfc-55699893fd49,Integration of eQTL and a Single-Cell Atlas in the Human Eye Identifies Causal Genes for Age-Related Macular Degeneration,10.1016/j.celrep.2019.12.082,4e38f019-f8e8-44ae-ad32-ba500de6f64c,Bipolar cells of human eye,4e38f019-f8e8-44ae-ad32-ba500de6f64c.h5ad,16540
96,96,939769a8-d8d2-4d01-abfc-55699893fd49,Integration of eQTL and a Single-Cell Atlas in the Human Eye Identifies Causal Genes for Age-Related Macular Degeneration,10.1016/j.celrep.2019.12.082,389bfbb9-8ef1-4582-8c41-410131c3d0eb,Rod cells of human eye,389bfbb9-8ef1-4582-8c41-410131c3d0eb.h5ad,62509
98,98,b3e2c6e3-9b05-4da9-8f42-da38a664b45b,Multimodal single cell sequencing implicates chromatin accessibility and genetic background in diabetic kidney disease progression,10.1038/s41467-022-32972-z,e067e5ca-e53e-485f-aa8e-efd5435229c8,Human kidney cortex snRNA-seq data from donors with and without diabetic kidney disease,e067e5ca-e53e-485f-aa8e-efd5435229c8.h5ad,39176
99,99,a18474f4-ff1e-4864-af69-270b956cee5b,Single-cell RNA sequencing unifies developmental programs of Esophageal and Gastric Intestinal Metaplasia,10.1158/2159-8290.cd-22-0824,faed4f71-6b50-4fc7-bd1c-8f385dccfdce,UMAP of Endothelial cells,faed4f71-6b50-4fc7-bd1c-8f385dccfdce.h5ad,3951
100,100,a18474f4-ff1e-4864-af69-270b956cee5b,Single-cell RNA sequencing unifies developmental programs of Esophageal and Gastric Intestinal Metaplasia,10.1158/2159-8290.cd-22-0824,e5233a94-9e43-418c-8209-6f1400c31530,UMAP of all data,e5233a94-9e43-418c-8209-6f1400c31530.h5ad,146583
101,101,a18474f4-ff1e-4864-af69-270b956cee5b,Single-cell RNA sequencing unifies developmental programs of Esophageal and Gastric Intestinal Metaplasia,10.1158/2159-8290.cd-22-0824,9b188f26-c8e1-4a78-af15-622a35a371fc,UMAP of Fibroblasts cells,9b188f26-c8e1-4a78-af15-622a35a371fc.h5ad,5754
102,102,a18474f4-ff1e-4864-af69-270b956cee5b,Single-cell RNA sequencing unifies developmental programs of Esophageal and Gastric Intestinal Metaplasia,10.1158/2159-8290.cd-22-0824,94423ec1-21f8-40e8-b5c9-c3ea82350ca4,UMAP of Myeloid cells,94423ec1-21f8-40e8-b5c9-c3ea82350ca4.h5ad,3282
103,103,a18474f4-ff1e-4864-af69-270b956cee5b,Single-cell RNA sequencing unifies developmental programs of Esophageal and Gastric Intestinal Metaplasia,10.1158/2159-8290.cd-22-0824,7bb64315-9e5a-41b9-9235-59acf9642a3e,UMAP of Cancer Data integration,7bb64315-9e5a-41b9-9235-59acf9642a3e.h5ad,293823
104,104,a18474f4-ff1e-4864-af69-270b956cee5b,Single-cell RNA sequencing unifies developmental programs of Esophageal and Gastric Intestinal Metaplasia,10.1158/2159-8290.cd-22-0824,773b9b2e-70c8-40be-8cbb-e7b5abab360d,UMAP of Columnar cells,773b9b2e-70c8-40be-8cbb-e7b5abab360d.h5ad,79522
105,105,a18474f4-ff1e-4864-af69-270b956cee5b,Single-cell RNA sequencing unifies developmental programs of Esophageal and Gastric Intestinal Metaplasia,10.1158/2159-8290.cd-22-0824,63bb6359-3945-4658-92eb-3072419953e4,UMAP of T-Cells cells,63bb6359-3945-4658-92eb-3072419953e4.h5ad,14970
106,106,a18474f4-ff1e-4864-af69-270b956cee5b,Single-cell RNA sequencing unifies developmental programs of Esophageal and Gastric Intestinal Metaplasia,10.1158/2159-8290.cd-22-0824,03d5794d-cde9-4769-a1a9-b3899d2b1d87,UMAP of Plasma and B-Cells cells,03d5794d-cde9-4769-a1a9-b3899d2b1d87.h5ad,9015
112,112,63d03351-06be-478e-a0db-f7a653b6b19b,Cell atlas of the human ocular anterior segment: Tissue-specific and shared cell types,10.1073/pnas.2200914119,d967b47c-a9e6-4337-b2f4-977f690cb67f,Trabecular Meshwork and Corneal Scleral wedge,d967b47c-a9e6-4337-b2f4-977f690cb67f.h5ad,52309
113,113,63d03351-06be-478e-a0db-f7a653b6b19b,Cell atlas of the human ocular anterior segment: Tissue-specific and shared cell types,10.1073/pnas.2200914119,a4157949-6f2a-40e2-b960-63f6e2bde918,Central Cornea,a4157949-6f2a-40e2-b960-63f6e2bde918.h5ad,37485
114,114,63d03351-06be-478e-a0db-f7a653b6b19b,Cell atlas of the human ocular anterior segment: Tissue-specific and shared cell types,10.1073/pnas.2200914119,9ff99bf8-2524-4ab5-ab6e-4bc218e4a449,Integrated data,9ff99bf8-2524-4ab5-ab6e-4bc218e4a449.h5ad,42901
115,115,63d03351-06be-478e-a0db-f7a653b6b19b,Cell atlas of the human ocular anterior segment: Tissue-specific and shared cell types,10.1073/pnas.2200914119,9a281de7-cee5-4e80-8584-1929f46f152f,Iris,9a281de7-cee5-4e80-8584-1929f46f152f.h5ad,57422
116,116,63d03351-06be-478e-a0db-f7a653b6b19b,Cell atlas of the human ocular anterior segment: Tissue-specific and shared cell types,10.1073/pnas.2200914119,489318a0-24c3-4f5c-b105-f084ed0ea026,Lens,489318a0-24c3-4f5c-b105-f084ed0ea026.h5ad,13900
117,117,63d03351-06be-478e-a0db-f7a653b6b19b,Cell atlas of the human ocular anterior segment: Tissue-specific and shared cell types,10.1073/pnas.2200914119,1196334f-a441-474a-95ee-400780941690,Ciliary Body,1196334f-a441-474a-95ee-400780941690.h5ad,34132
118,118,1d1c7275-476a-49e2-9022-ad1b1c793594,Cell Atlas of The Human Fovea and Peripheral Retina,10.1038/s41598-020-66092-9,d319af7f-be2e-441e-8caa-3b8a88480e89,Retinal ganglion cells of the human fovea and peripheral retina,d319af7f-be2e-441e-8caa-3b8a88480e89.h5ad,11404
119,119,1d1c7275-476a-49e2-9022-ad1b1c793594,Cell Atlas of The Human Fovea and Peripheral Retina,10.1038/s41598-020-66092-9,bc7260e0-54cf-4b0b-823d-93f5b850f757,Non-neuronal cells of the human fovea and peripheral retina,bc7260e0-54cf-4b0b-823d-93f5b850f757.h5ad,22125
120,120,1d1c7275-476a-49e2-9022-ad1b1c793594,Cell Atlas of The Human Fovea and Peripheral Retina,10.1038/s41598-020-66092-9,8623d55f-d91c-41c2-ae68-ed2072fd268d,Bipolar cells of the human fovea and peripheral retina,8623d55f-d91c-41c2-ae68-ed2072fd268d.h5ad,25908
121,121,1d1c7275-476a-49e2-9022-ad1b1c793594,Cell Atlas of The Human Fovea and Peripheral Retina,10.1038/s41598-020-66092-9,7b75b2c4-6d99-40be-9a61-391455d859e6,Photoreceptor cells of the human fovea and peripheral retina,7b75b2c4-6d99-40be-9a61-391455d859e6.h5ad,9070
122,122,1d1c7275-476a-49e2-9022-ad1b1c793594,Cell Atlas of The Human Fovea and Peripheral Retina,10.1038/s41598-020-66092-9,5cdbb2ea-c622-466d-9ead-7884ad8cb99f,Amacrine cells of the human fovea and peripheral retina,5cdbb2ea-c622-466d-9ead-7884ad8cb99f.h5ad,13607
123,123,1d1c7275-476a-49e2-9022-ad1b1c793594,Cell Atlas of The Human Fovea and Peripheral Retina,10.1038/s41598-020-66092-9,2f6a20f1-173d-4b8d-860b-c47ffea120fa,Horizontal cells of the human fovea and peripheral retina,2f6a20f1-173d-4b8d-860b-c47ffea120fa.h5ad,2868
124,124,bf325905-5e8e-42e3-933d-9a9053e9af80,Single-cell Atlas of common variable immunodeficiency shows germinal center-associated epigenetic dysregulation in B-cell responses,10.1038/s41467-022-29450-x,d7d7e89c-c93a-422d-8958-9b4a90b69558,Activated PBMCs - Twins scRNA-seq,d7d7e89c-c93a-422d-8958-9b4a90b69558.h5ad,16901
125,125,bf325905-5e8e-42e3-933d-9a9053e9af80,Single-cell Atlas of common variable immunodeficiency shows germinal center-associated epigenetic dysregulation in B-cell responses,10.1038/s41467-022-29450-x,a5d95a42-0137-496f-8a60-101e17f263c8,Steady-state B cells - scRNA-seq,a5d95a42-0137-496f-8a60-101e17f263c8.h5ad,1324
126,126,bf325905-5e8e-42e3-933d-9a9053e9af80,Single-cell Atlas of common variable immunodeficiency shows germinal center-associated epigenetic dysregulation in B-cell responses,10.1038/s41467-022-29450-x,3c75a463-6a87-4132-83a8-c3002624394d,Activated PBMCs - Expanded cohort CITE-seq,3c75a463-6a87-4132-83a8-c3002624394d.h5ad,95064
128,128,03cdc7f4-bd08-49d0-a395-4487c0e5a168,Emphysema Cell Atlas,10.1016/j.immuni.2023.01.032,4b6af54a-4a21-46e0-bc8d-673c0561a836,non-immune cells,4b6af54a-4a21-46e0-bc8d-673c0561a836.h5ad,18386
129,129,03cdc7f4-bd08-49d0-a395-4487c0e5a168,Emphysema Cell Atlas,10.1016/j.immuni.2023.01.032,214bf9eb-93db-48c8-8e3c-9bb22fa3bc63,AT2 cells,214bf9eb-93db-48c8-8e3c-9bb22fa3bc63.h5ad,3662
130,130,03cdc7f4-bd08-49d0-a395-4487c0e5a168,Emphysema Cell Atlas,10.1016/j.immuni.2023.01.032,1e5bd3b8-6a0e-4959-8d69-cafed30fe814,immune cells,1e5bd3b8-6a0e-4959-8d69-cafed30fe814.h5ad,35699
133,133,64b24fda-6591-4ce1-89e7-33eb6c43ad7b,A proximal-to-distal survey of healthy adult human small intestine and colon epithelium by single-cell transcriptomics,10.1016/j.jcmgh.2022.02.007,019c7af2-c827-4454-9970-44d5e39ce068,A proximal-to-distal survey of healthy adult human small intestine and colon epithelium by single-cell transcriptomics,019c7af2-c827-4454-9970-44d5e39ce068.h5ad,12590
135,135,a98b828a-622a-483a-80e0-15703678befd,HCA kidney seed network: University of Michigan,,0b4a15a7-4e9e-4555-9733-2423e5c66469,Single cell RNA-seq data from normal adult kidney tissue,0b4a15a7-4e9e-4555-9733-2423e5c66469.h5ad,48783
138,138,283d65eb-dd53-496d-adb7-7570c7caa443,Transcriptomic diversity of cell types across the adult human brain,10.1101/2022.10.12.511898,ff7d15fa-f4b6-4a0e-992e-fd0c9d088ded,"Dissection: Cerebral cortex (Cx) - Cuneus, rostral part - Area Prostriata - Pro",ff7d15fa-f4b6-4a0e-992e-fd0c9d088ded.h5ad,28051
139,139,283d65eb-dd53-496d-adb7-7570c7caa443,Transcriptomic diversity of cell types across the adult human brain,10.1101/2022.10.12.511898,fe1a73ab-a203-45fd-84e9-0f7fd19efcbd,Dissection: Amygdaloid complex (AMY) - basolateral nuclear group (BLN) - basolateral nucleus (basal nucleus) - BL,fe1a73ab-a203-45fd-84e9-0f7fd19efcbd.h5ad,35285
140,140,283d65eb-dd53-496d-adb7-7570c7caa443,Transcriptomic diversity of cell types across the adult human brain,10.1101/2022.10.12.511898,fbf173f9-f809-4d84-9b65-ae205d35b523,Dissection: Thalamus (THM) - lateral nuclear complex of thalamus (LNC) - lateral posterior nucleus of thalamus + ventral posterior lateral nucleus - LP + VPL,fbf173f9-f809-4d84-9b65-ae205d35b523.h5ad,17660
141,141,283d65eb-dd53-496d-adb7-7570c7caa443,Transcriptomic diversity of cell types across the adult human brain,10.1101/2022.10.12.511898,fa554686-fc07-44dd-b2de-b726d82d26ec,Dissection: Cerebral cortex (Cx) - Superior occipital gyrus (SOG) - Areas 19 and MT - A19,fa554686-fc07-44dd-b2de-b726d82d26ec.h5ad,29674
142,142,283d65eb-dd53-496d-adb7-7570c7caa443,Transcriptomic diversity of cell types across the adult human brain,10.1101/2022.10.12.511898,f9034091-2e8f-4ac6-9874-e7b7eb566824,Dissection: Myelencephalon (medulla oblongata) (Mo) - medullary reticular formation (MoRF) & efferent nuclei of cranial nerves in the medulla oblongata (MoEN) - MoRF-MoEN,f9034091-2e8f-4ac6-9874-e7b7eb566824.h5ad,23120
143,143,283d65eb-dd53-496d-adb7-7570c7caa443,Transcriptomic diversity of cell types across the adult human brain,10.1101/2022.10.12.511898,f8dda921-5fb4-4c94-a654-c6fc346bfd6d,"Dissection: Cerebral cortex (Cx) - Occipitotemporal (fusiform) gyrus, temporal part (FuGt) - Temporal area TF",f8dda921-5fb4-4c94-a654-c6fc346bfd6d.h5ad,31899
144,144,283d65eb-dd53-496d-adb7-7570c7caa443,Transcriptomic diversity of cell types across the adult human brain,10.1101/2022.10.12.511898,f7d003d4-40d5-4de8-858c-a9a8b48fcc67,Supercluster: Astrocyte,f7d003d4-40d5-4de8-858c-a9a8b48fcc67.h5ad,155025
145,145,283d65eb-dd53-496d-adb7-7570c7caa443,Transcriptomic diversity of cell types across the adult human brain,10.1101/2022.10.12.511898,f6d9f2ad-5ec7-4d53-b7f0-ceb0e7bcd181,Dissection: Thalamus (THM) - lateral nuclear complex of thalamus (LNC) - ventral posterior lateral nucleus - VPL,f6d9f2ad-5ec7-4d53-b7f0-ceb0e7bcd181.h5ad,6877
146,146,283d65eb-dd53-496d-adb7-7570c7caa443,Transcriptomic diversity of cell types across the adult human brain,10.1101/2022.10.12.511898,f5a04dff-d394-4023-8811-65494e8bb11d,Dissection: Basal nuclei (BN) - Putamen - Pu,f5a04dff-d394-4023-8811-65494e8bb11d.h5ad,34416
147,147,283d65eb-dd53-496d-adb7-7570c7caa443,Transcriptomic diversity of cell types across the adult human brain,10.1101/2022.10.12.511898,f502c312-05dc-4fd4-a762-92a63e92b539,Dissection: Paleocortex (PalCx) - Anterior Olfactory Nucleus - AON,f502c312-05dc-4fd4-a762-92a63e92b539.h5ad,31230
148,148,283d65eb-dd53-496d-adb7-7570c7caa443,Transcriptomic diversity of cell types across the adult human brain,10.1101/2022.10.12.511898,f3565fda-499a-4d20-bd92-563c09954c42,Dissection: Pons (Pn) - Pontine reticular formation (PnRF) - parabrachial nuclei - PB,f3565fda-499a-4d20-bd92-563c09954c42.h5ad,24155
149,149,283d65eb-dd53-496d-adb7-7570c7caa443,Transcriptomic diversity of cell types across the adult human brain,10.1101/2022.10.12.511898,f32c2c13-bb1a-4ffd-a457-60b64ecfa4cb,Dissection: Cerebral cortex (Cx) - Precentral gyrus (PrCG) - Primary motor cortex - M1C,f32c2c13-bb1a-4ffd-a457-60b64ecfa4cb.h5ad,116576
150,150,283d65eb-dd53-496d-adb7-7570c7caa443,Transcriptomic diversity of cell types across the adult human brain,10.1101/2022.10.12.511898,f20f44ef-a0d4-4d94-87de-037fd47141f0,Dissection: Hypothalamus (HTH) - mammillary region of HTH (HTHma) - tuberal region of HTH - HTHtub,f20f44ef-a0d4-4d94-87de-037fd47141f0.h5ad,18728
151,151,283d65eb-dd53-496d-adb7-7570c7caa443,Transcriptomic diversity of cell types across the adult human brain,10.1101/2022.10.12.511898,f16f4108-7873-4035-9989-3748da1a7ff1,Supercluster: Committed oligodendrocyte precursor,f16f4108-7873-4035-9989-3748da1a7ff1.h5ad,4720
152,152,283d65eb-dd53-496d-adb7-7570c7caa443,Transcriptomic diversity of cell types across the adult human brain,10.1101/2022.10.12.511898,ed33c203-233a-476a-a56b-28da945fdd32,"Dissection: Cerebral cortex (Cx) - Cuneus, caudal part - Peristriate Cortex - V2",ed33c203-233a-476a-a56b-28da945fdd32.h5ad,32638
153,153,283d65eb-dd53-496d-adb7-7570c7caa443,Transcriptomic diversity of cell types across the adult human brain,10.1101/2022.10.12.511898,ed11cc3e-2947-407c-883c-c53b043917c3,Dissection: Thalamus (THM) - Lateral nuclear complex (LNC) - ventral anterior nucleus of thalamus - VA,ed11cc3e-2947-407c-883c-c53b043917c3.h5ad,8573
154,154,283d65eb-dd53-496d-adb7-7570c7caa443,Transcriptomic diversity of cell types across the adult human brain,10.1101/2022.10.12.511898,ecd9230d-c571-4dab-abd3-8b54c74833f0,Dissection: Thalamus (THM) - lateral nuclear complex of thalamus (LNC) - Pulvinar of thalamus - Pul,ecd9230d-c571-4dab-abd3-8b54c74833f0.h5ad,46453
155,155,283d65eb-dd53-496d-adb7-7570c7caa443,Transcriptomic diversity of cell types across the adult human brain,10.1101/2022.10.12.511898,e8681d74-ac9e-4be5-be14-1cf1bbd54dd7,Dissection: Thalamus (THM) - Anterior nuclear complex - ANC,e8681d74-ac9e-4be5-be14-1cf1bbd54dd7.h5ad,31307
156,156,283d65eb-dd53-496d-adb7-7570c7caa443,Transcriptomic diversity of cell types across the adult human brain,10.1101/2022.10.12.511898,e6b2ce27-681b-4409-a053-2681875936e5,Supercluster: Eccentric medium spiny neuron,e6b2ce27-681b-4409-a053-2681875936e5.h5ad,40144
157,157,283d65eb-dd53-496d-adb7-7570c7caa443,Transcriptomic diversity of cell types across the adult human brain,10.1101/2022.10.12.511898,e5b1115b-a486-49bb-bda3-8261822836e0,Dissection: Cerebral cortex (Cx) - Caudal cingulate gyrus (CgGC) - A23,e5b1115b-a486-49bb-bda3-8261822836e0.h5ad,35359
158,158,283d65eb-dd53-496d-adb7-7570c7caa443,Transcriptomic diversity of cell types across the adult human brain,10.1101/2022.10.12.511898,e4710a02-8abc-48d5-a3e8-9ae7e9d79bdb,Supercluster: MGE interneuron,e4710a02-8abc-48d5-a3e8-9ae7e9d79bdb.h5ad,222434
159,159,283d65eb-dd53-496d-adb7-7570c7caa443,Transcriptomic diversity of cell types across the adult human brain,10.1101/2022.10.12.511898,e1f595f6-ba2c-495e-9bee-7056f116b1e4,Dissection: Cerebral cortex (Cx) - Middle Temporal Gyrus - MTG,e1f595f6-ba2c-495e-9bee-7056f116b1e4.h5ad,107301
160,160,283d65eb-dd53-496d-adb7-7570c7caa443,Transcriptomic diversity of cell types across the adult human brain,10.1101/2022.10.12.511898,dd03ce70-3243-4c96-9561-330cc461e4d7,Dissection: Cerebral cortex (Cx) - Perirhinal gyrus (PRG) - A35-A36,dd03ce70-3243-4c96-9561-330cc461e4d7.h5ad,23732
161,161,283d65eb-dd53-496d-adb7-7570c7caa443,Transcriptomic diversity of cell types across the adult human brain,10.1101/2022.10.12.511898,db1d2c1b-2ee1-45d5-9d53-69a327cd77e6,Dissection: Cerebral cortex (Cx) - Middle frontal gyrus (MFG) - A46,db1d2c1b-2ee1-45d5-9d53-69a327cd77e6.h5ad,31065
162,162,283d65eb-dd53-496d-adb7-7570c7caa443,Transcriptomic diversity of cell types across the adult human brain,10.1101/2022.10.12.511898,d6a5b240-cc8f-45c1-ad36-2fc291e15e8e,Dissection: Midbrain (M) - Pretectal region - PTR,d6a5b240-cc8f-45c1-ad36-2fc291e15e8e.h5ad,25875
163,163,283d65eb-dd53-496d-adb7-7570c7caa443,Transcriptomic diversity of cell types across the adult human brain,10.1101/2022.10.12.511898,d582f63a-3c88-4e38-8cd3-8682dbe40f64,Dissection: Cerebral cortex (Cx) - Posterior intermediate orbital gyrus (POrG) - Caudal division of OFCi - A13,d582f63a-3c88-4e38-8cd3-8682dbe40f64.h5ad,34919
164,164,283d65eb-dd53-496d-adb7-7570c7caa443,Transcriptomic diversity of cell types across the adult human brain,10.1101/2022.10.12.511898,d5452b83-7c3d-4d7c-ab7a-c7fece7196c5,Dissection: Body of hippocampus (HiB) - Rostral CA3,d5452b83-7c3d-4d7c-ab7a-c7fece7196c5.h5ad,8077
165,165,283d65eb-dd53-496d-adb7-7570c7caa443,Transcriptomic diversity of cell types across the adult human brain,10.1101/2022.10.12.511898,d2b5efc1-14c6-4b5f-bd98-40f9084872d7,Dissection: Tail of Hippocampus (HiT) - Caudal Hippocampus - CA1-CA3,d2b5efc1-14c6-4b5f-bd98-40f9084872d7.h5ad,36886
166,166,283d65eb-dd53-496d-adb7-7570c7caa443,Transcriptomic diversity of cell types across the adult human brain,10.1101/2022.10.12.511898,d288b10a-643e-44bd-b451-96e9588b2ee5,Dissection: Cerebral cortex (Cx) - Supramarginal gyrus (SMG) - A40,d288b10a-643e-44bd-b451-96e9588b2ee5.h5ad,39053
167,167,283d65eb-dd53-496d-adb7-7570c7caa443,Transcriptomic diversity of cell types across the adult human brain,10.1101/2022.10.12.511898,d2514440-d747-4d8d-b2c7-b58ef8b71fbe,Dissection: Thalamus (THM) - posterior nuclear complex of thalamus (PoN) - lateral geniculate nucleus (LG),d2514440-d747-4d8d-b2c7-b58ef8b71fbe.h5ad,48856
168,168,283d65eb-dd53-496d-adb7-7570c7caa443,Transcriptomic diversity of cell types across the adult human brain,10.1101/2022.10.12.511898,d02287f3-408b-438d-9131-999e460cbd0e,Dissection: Paleocortex (PalCx) - Piriform cortex - Pir,d02287f3-408b-438d-9131-999e460cbd0e.h5ad,36941
169,169,283d65eb-dd53-496d-adb7-7570c7caa443,Transcriptomic diversity of cell types across the adult human brain,10.1101/2022.10.12.511898,cfa755c1-48c5-4336-94f4-aa95eca4fbd5,Supercluster: Choroid plexus,cfa755c1-48c5-4336-94f4-aa95eca4fbd5.h5ad,7689
170,170,283d65eb-dd53-496d-adb7-7570c7caa443,Transcriptomic diversity of cell types across the adult human brain,10.1101/2022.10.12.511898,caf8670f-e647-4f0c-bfba-163aa84ce602,Supercluster: Deep-layer corticothalamic and 6b,caf8670f-e647-4f0c-bfba-163aa84ce602.h5ad,78396
171,171,283d65eb-dd53-496d-adb7-7570c7caa443,Transcriptomic diversity of cell types across the adult human brain,10.1101/2022.10.12.511898,ca20e2ac-5676-4158-b5d0-0c2b15898b19,Dissection: Basal nuclei (BN) - Globus pallidus (GP) - Internal segment of globus pallidus - GPi,ca20e2ac-5676-4158-b5d0-0c2b15898b19.h5ad,33968
172,172,283d65eb-dd53-496d-adb7-7570c7caa443,Transcriptomic diversity of cell types across the adult human brain,10.1101/2022.10.12.511898,c7856243-c59a-4b70-8ce7-25b94c2d9da1,Dissection: Cerebral cortex (Cx) - Gyrus rectus (ReG) - Medial orbitofrontal cortex - A14,c7856243-c59a-4b70-8ce7-25b94c2d9da1.h5ad,14352
173,173,283d65eb-dd53-496d-adb7-7570c7caa443,Transcriptomic diversity of cell types across the adult human brain,10.1101/2022.10.12.511898,c5cfa2b7-abb1-4a50-908f-707b54ca606b,Dissection: Midbrain (M) - Periaqueductal gray and Dorsal raphe nucleus - PAG-DR,c5cfa2b7-abb1-4a50-908f-707b54ca606b.h5ad,14094
174,174,283d65eb-dd53-496d-adb7-7570c7caa443,Transcriptomic diversity of cell types across the adult human brain,10.1101/2022.10.12.511898,c4dd26a8-d956-4bee-a233-44b573f2ce27,Dissection: Body of hippocampus (HiB) - Rostral CA1-2,c4dd26a8-d956-4bee-a233-44b573f2ce27.h5ad,11265
175,175,283d65eb-dd53-496d-adb7-7570c7caa443,Transcriptomic diversity of cell types across the adult human brain,10.1101/2022.10.12.511898,c4b03352-af8d-492a-8d6b-40f304e0a122,Supercluster: Medium spiny neuron,c4b03352-af8d-492a-8d6b-40f304e0a122.h5ad,152189
176,176,283d65eb-dd53-496d-adb7-7570c7caa443,Transcriptomic diversity of cell types across the adult human brain,10.1101/2022.10.12.511898,c2aad8fc-b63b-4f9b-9cfd-baf7bc9c1771,Dissection: Cerebral cortex (Cx) - Temporal pole (TP) - Temporopolar area - A38,c2aad8fc-b63b-4f9b-9cfd-baf7bc9c1771.h5ad,37642
177,177,283d65eb-dd53-496d-adb7-7570c7caa443,Transcriptomic diversity of cell types across the adult human brain,10.1101/2022.10.12.511898,c202b243-1aa1-4b16-bc9a-b36241f3b1e3,Supercluster: Amygdala excitatory,c202b243-1aa1-4b16-bc9a-b36241f3b1e3.h5ad,109452
178,178,283d65eb-dd53-496d-adb7-7570c7caa443,Transcriptomic diversity of cell types across the adult human brain,10.1101/2022.10.12.511898,bdb26abd-f4ba-4ea3-8862-c2340e7a4f55,Supercluster: CGE interneuron,bdb26abd-f4ba-4ea3-8862-c2340e7a4f55.h5ad,227671
179,179,283d65eb-dd53-496d-adb7-7570c7caa443,Transcriptomic diversity of cell types across the adult human brain,10.1101/2022.10.12.511898,bd6b68e8-179a-42f0-9bde-b4fdf7d34dd1,Supercluster: Cerebellar inhibitory,bd6b68e8-179a-42f0-9bde-b4fdf7d34dd1.h5ad,14411
180,180,283d65eb-dd53-496d-adb7-7570c7caa443,Transcriptomic diversity of cell types across the adult human brain,10.1101/2022.10.12.511898,bac09168-940b-4b11-8d55-b4955f80b98d,Dissection: Head of hippocampus (HiH) - CA2-3,bac09168-940b-4b11-8d55-b4955f80b98d.h5ad,12461
181,181,283d65eb-dd53-496d-adb7-7570c7caa443,Transcriptomic diversity of cell types across the adult human brain,10.1101/2022.10.12.511898,b8681124-aabf-4904-b9c9-66d834bf5bba,Dissection: Thalamus (THM) - medial nuclear complex of thalamus (MNC) - mediodorsal nucleus of thalamus + reuniens nucleus (medioventral nucleus) of thalamus - MD + Re,b8681124-aabf-4904-b9c9-66d834bf5bba.h5ad,13382
182,182,283d65eb-dd53-496d-adb7-7570c7caa443,Transcriptomic diversity of cell types across the adult human brain,10.1101/2022.10.12.511898,adda0684-f8ea-4403-b393-2a25607077c4,Dissection: Thalamus (THM) - posterior nuclear complex of thalamus (PoN) - medial geniculate nuclei (MG),adda0684-f8ea-4403-b393-2a25607077c4.h5ad,14226
183,183,283d65eb-dd53-496d-adb7-7570c7caa443,Transcriptomic diversity of cell types across the adult human brain,10.1101/2022.10.12.511898,acae7679-d077-461c-b857-ee6ccfeb267f,Dissection: Head of hippocampus (HiH) - CA1,acae7679-d077-461c-b857-ee6ccfeb267f.h5ad,39147
184,184,283d65eb-dd53-496d-adb7-7570c7caa443,Transcriptomic diversity of cell types across the adult human brain,10.1101/2022.10.12.511898,a84face4-eb30-4f43-994f-c6a13a097808,"Dissection: Cerebral cortex (Cx) - Cingulate gyrus, retrosplenial (CgGrs) - A29-A30",a84face4-eb30-4f43-994f-c6a13a097808.h5ad,34078
185,185,283d65eb-dd53-496d-adb7-7570c7caa443,Transcriptomic diversity of cell types across the adult human brain,10.1101/2022.10.12.511898,a7b4f565-691d-43ea-bf4a-d2d1d52bb4b4,Dissection: Thalamus (THM) - Lateral nuclear complex of thalamus (LNC) - ventral group of lateral nucleus - VLN,a7b4f565-691d-43ea-bf4a-d2d1d52bb4b4.h5ad,27111
186,186,283d65eb-dd53-496d-adb7-7570c7caa443,Transcriptomic diversity of cell types across the adult human brain,10.1101/2022.10.12.511898,a5b5d1f3-dd8b-44f6-a685-15f0f741c062,Dissection: Thalamus (THM) - Subthalamic nucleus and nearby - STH,a5b5d1f3-dd8b-44f6-a685-15f0f741c062.h5ad,20162
187,187,283d65eb-dd53-496d-adb7-7570c7caa443,Transcriptomic diversity of cell types across the adult human brain,10.1101/2022.10.12.511898,a59ba9fa-1407-4f15-8c56-d3637421570d,Dissection: Cerebellum (CB) - Lateral hemisphere of cerebellum - CBL,a59ba9fa-1407-4f15-8c56-d3637421570d.h5ad,28028
188,188,283d65eb-dd53-496d-adb7-7570c7caa443,Transcriptomic diversity of cell types across the adult human brain,10.1101/2022.10.12.511898,a56f1a6b-071c-4780-9832-33ca9b8fb391,Supercluster: Hippocampal dentate gyrus,a56f1a6b-071c-4780-9832-33ca9b8fb391.h5ad,67533
189,189,283d65eb-dd53-496d-adb7-7570c7caa443,Transcriptomic diversity of cell types across the adult human brain,10.1101/2022.10.12.511898,a4116666-d295-4443-a174-0acc283f92c4,Dissection: Midbrain (M) - Superior colliculus and nearby nuclei - SC,a4116666-d295-4443-a174-0acc283f92c4.h5ad,29907
190,190,283d65eb-dd53-496d-adb7-7570c7caa443,Transcriptomic diversity of cell types across the adult human brain,10.1101/2022.10.12.511898,a19b218b-1c0a-4618-b41f-7c216c623ec6,Dissection: Cerebral cortex (Cx) - Posterior parahippocampal gyrus (PPH) - TH-TL,a19b218b-1c0a-4618-b41f-7c216c623ec6.h5ad,40677
191,191,283d65eb-dd53-496d-adb7-7570c7caa443,Transcriptomic diversity of cell types across the adult human brain,10.1101/2022.10.12.511898,9f499d32-400d-4c42-ac9a-fb1481844fee,Dissection: Tail of Hippocampus (HiT) - Caudal Hippocampus - CA4-DGC,9f499d32-400d-4c42-ac9a-fb1481844fee.h5ad,56367
192,192,283d65eb-dd53-496d-adb7-7570c7caa443,Transcriptomic diversity of cell types across the adult human brain,10.1101/2022.10.12.511898,9ec34295-ab16-47e2-af33-b884143e520b,"Dissection: Midbrain (M) - Substantia Nigra, Red Nucleus, and nearby nuclei - SN-RN",9ec34295-ab16-47e2-af33-b884143e520b.h5ad,49110
193,193,283d65eb-dd53-496d-adb7-7570c7caa443,Transcriptomic diversity of cell types across the adult human brain,10.1101/2022.10.12.511898,9ec335f2-420a-45a8-b45a-1ab646e50041,Supercluster: Hippocampal CA4,9ec335f2-420a-45a8-b45a-1ab646e50041.h5ad,10654
194,194,283d65eb-dd53-496d-adb7-7570c7caa443,Transcriptomic diversity of cell types across the adult human brain,10.1101/2022.10.12.511898,98113e7e-f586-4065-a26a-60aa702f8d1c,Supercluster: Deep-layer intratelencephalic,98113e7e-f586-4065-a26a-60aa702f8d1c.h5ad,228467
195,195,283d65eb-dd53-496d-adb7-7570c7caa443,Transcriptomic diversity of cell types across the adult human brain,10.1101/2022.10.12.511898,949ec7fc-ac54-47c9-bb6f-ee9e67688cce,Dissection: Cerebral cortex (Cx) - Short insular gyri - Granular insular cortex - Ig,949ec7fc-ac54-47c9-bb6f-ee9e67688cce.h5ad,38937
196,196,283d65eb-dd53-496d-adb7-7570c7caa443,Transcriptomic diversity of cell types across the adult human brain,10.1101/2022.10.12.511898,9372df2d-13d6-4fac-980b-919a5b7eb483,Dissection: Midbrain (M) - Periaqueductal gray and nearby nuclei - PAG,9372df2d-13d6-4fac-980b-919a5b7eb483.h5ad,33794
197,197,283d65eb-dd53-496d-adb7-7570c7caa443,Transcriptomic diversity of cell types across the adult human brain,10.1101/2022.10.12.511898,93131426-0124-4ab4-a013-9dfbcd99d467,Dissection: Epithalamus - ETH,93131426-0124-4ab4-a013-9dfbcd99d467.h5ad,24327
198,198,283d65eb-dd53-496d-adb7-7570c7caa443,Transcriptomic diversity of cell types across the adult human brain,10.1101/2022.10.12.511898,900fdf13-150d-4695-9f8c-4c09105ba2eb,Dissection: Pons (Pn) - efferent nuclei of cranial nerves in pons - PnEN,900fdf13-150d-4695-9f8c-4c09105ba2eb.h5ad,47416
199,199,283d65eb-dd53-496d-adb7-7570c7caa443,Transcriptomic diversity of cell types across the adult human brain,10.1101/2022.10.12.511898,8f48c031-6692-4c82-b6c2-e4ad35cbc0aa,Supercluster: LAMP5-LHX6 and Chandelier,8f48c031-6692-4c82-b6c2-e4ad35cbc0aa.h5ad,45118
200,200,283d65eb-dd53-496d-adb7-7570c7caa443,Transcriptomic diversity of cell types across the adult human brain,10.1101/2022.10.12.511898,8ba5453f-7fab-4702-a3a6-4021b1f31a7a,Supercluster: Thalamic excitatory,8ba5453f-7fab-4702-a3a6-4021b1f31a7a.h5ad,85546
201,201,283d65eb-dd53-496d-adb7-7570c7caa443,Transcriptomic diversity of cell types across the adult human brain,10.1101/2022.10.12.511898,88a01d4a-5197-45be-b5ae-e019aef43376,Dissection: Cerebral cortex (Cx) - Superior Temporal Gyrus - STG,88a01d4a-5197-45be-b5ae-e019aef43376.h5ad,40565
202,202,283d65eb-dd53-496d-adb7-7570c7caa443,Transcriptomic diversity of cell types across the adult human brain,10.1101/2022.10.12.511898,8039c63d-08b0-4fc9-af0f-5b57f08ca0da,Dissection: Perirhinal cortex (area 35) (A35) - rostral subdivision of area 35 - A35r,8039c63d-08b0-4fc9-af0f-5b57f08ca0da.h5ad,17535
203,203,283d65eb-dd53-496d-adb7-7570c7caa443,Transcriptomic diversity of cell types across the adult human brain,10.1101/2022.10.12.511898,7db0c178-b0a4-442f-ba54-e9e1633a84bb,Dissection: Cerebral cortex (Cx) - Parietal operculum (PaO) - Gustatory cortex - A43,7db0c178-b0a4-442f-ba54-e9e1633a84bb.h5ad,42834
204,204,283d65eb-dd53-496d-adb7-7570c7caa443,Transcriptomic diversity of cell types across the adult human brain,10.1101/2022.10.12.511898,7d3ab174-e433-40fc-a352-6fe71b1a19f9,Dissection: Amygdaloid complex (AMY) - Basolateral nuclear group (BLN) - lateral nucleus - La,7d3ab174-e433-40fc-a352-6fe71b1a19f9.h5ad,28984
205,205,283d65eb-dd53-496d-adb7-7570c7caa443,Transcriptomic diversity of cell types across the adult human brain,10.1101/2022.10.12.511898,7cd3c321-e487-4b51-a8af-9bf671b59fe5,Dissection: Pons (Pn) - other nuclei in pontine tegmentum (XPnTg) - dorsal tegmental nucleus - DTg,7cd3c321-e487-4b51-a8af-9bf671b59fe5.h5ad,26095
206,206,283d65eb-dd53-496d-adb7-7570c7caa443,Transcriptomic diversity of cell types across the adult human brain,10.1101/2022.10.12.511898,7c1c3d47-3166-43e5-9a95-65ceb2d45f78,Dissection: Pons (Pn) - Pontine reticular formation - PnRF,7c1c3d47-3166-43e5-9a95-65ceb2d45f78.h5ad,49512
207,207,283d65eb-dd53-496d-adb7-7570c7caa443,Transcriptomic diversity of cell types across the adult human brain,10.1101/2022.10.12.511898,7b316f62-7fa0-4b95-bac9-e90866038a85,Dissection: Amygdaloid complex (AMY) - Central nuclear group - CEN,7b316f62-7fa0-4b95-bac9-e90866038a85.h5ad,42699
208,208,283d65eb-dd53-496d-adb7-7570c7caa443,Transcriptomic diversity of cell types across the adult human brain,10.1101/2022.10.12.511898,7a0a8891-9a22-4549-a55b-c2aca23c3a2a,Supercluster: Hippocampal CA1-3,7a0a8891-9a22-4549-a55b-c2aca23c3a2a.h5ad,74979
209,209,283d65eb-dd53-496d-adb7-7570c7caa443,Transcriptomic diversity of cell types across the adult human brain,10.1101/2022.10.12.511898,77c1c785-809f-4065-8c54-6a0170783256,Dissection: Cerebral cortex (Cx) - Subcallosal Gyrus (SCG) - Subgenual (subcallosal) division of MFC - A25,77c1c785-809f-4065-8c54-6a0170783256.h5ad,37767
210,210,283d65eb-dd53-496d-adb7-7570c7caa443,Transcriptomic diversity of cell types across the adult human brain,10.1101/2022.10.12.511898,77044335-0ac5-4406-9b3f-8cdd3656d67b,Dissection: Pons (Pn) - afferent nuclei of cranial nerves in pons - PnAN,77044335-0ac5-4406-9b3f-8cdd3656d67b.h5ad,23349
211,211,283d65eb-dd53-496d-adb7-7570c7caa443,Transcriptomic diversity of cell types across the adult human brain,10.1101/2022.10.12.511898,715327a6-7978-4896-ba91-69d6b04dbbfb,Dissection: Body of hippocampus (HiB) - Rostral DG-CA4,715327a6-7978-4896-ba91-69d6b04dbbfb.h5ad,10411
212,212,283d65eb-dd53-496d-adb7-7570c7caa443,Transcriptomic diversity of cell types across the adult human brain,10.1101/2022.10.12.511898,70e4f35b-c98c-45a1-9aa9-2053b07315dd,Dissection: Basal forebrain (BF) - septal nuclei - SEP,70e4f35b-c98c-45a1-9aa9-2053b07315dd.h5ad,40815
213,213,283d65eb-dd53-496d-adb7-7570c7caa443,Transcriptomic diversity of cell types across the adult human brain,10.1101/2022.10.12.511898,700aed19-c16e-4ba8-9191-07da098a8626,Supercluster: Microglia,700aed19-c16e-4ba8-9191-07da098a8626.h5ad,91838
214,214,283d65eb-dd53-496d-adb7-7570c7caa443,Transcriptomic diversity of cell types across the adult human brain,10.1101/2022.10.12.511898,6ed0bb6c-a9e3-4ba6-9436-7c8fd4e206f0,Dissection: Cerebral cortex (Cx) - Inferior frontal gyrus (IFG) - Ventrolateral prefrontal cortex - A44-A45,6ed0bb6c-a9e3-4ba6-9436-7c8fd4e206f0.h5ad,38259
215,215,283d65eb-dd53-496d-adb7-7570c7caa443,Transcriptomic diversity of cell types across the adult human brain,10.1101/2022.10.12.511898,6dafb698-7a53-4699-ad13-1b5e2c164be7,Supercluster: Ependymal,6dafb698-7a53-4699-ad13-1b5e2c164be7.h5ad,5882
216,216,283d65eb-dd53-496d-adb7-7570c7caa443,Transcriptomic diversity of cell types across the adult human brain,10.1101/2022.10.12.511898,6538ce1b-7949-405f-b01c-a2c3e876baee,Supercluster: Lower rhombic lip,6538ce1b-7949-405f-b01c-a2c3e876baee.h5ad,52650
217,217,283d65eb-dd53-496d-adb7-7570c7caa443,Transcriptomic diversity of cell types across the adult human brain,10.1101/2022.10.12.511898,64f4ad90-a422-400a-944d-4ce0f39594a7,Dissection: Pons (Pn) - Pontine Nucleus - PN,64f4ad90-a422-400a-944d-4ce0f39594a7.h5ad,33641
218,218,283d65eb-dd53-496d-adb7-7570c7caa443,Transcriptomic diversity of cell types across the adult human brain,10.1101/2022.10.12.511898,64767efb-49b0-4562-a1bd-e619a5d9db41,Dissection: Hypothalamus (HTH) - preoptic region of HTH - HTHpo,64767efb-49b0-4562-a1bd-e619a5d9db41.h5ad,14979
219,219,283d65eb-dd53-496d-adb7-7570c7caa443,Transcriptomic diversity of cell types across the adult human brain,10.1101/2022.10.12.511898,639ffc23-14db-4060-9027-3c90314200f8,Dissection: Cerebral cortex (Cx) - Supraparietal lobule (SPL) - Posterosuperior (dorsal) parietal cortex - A5-A7,639ffc23-14db-4060-9027-3c90314200f8.h5ad,35290
220,220,283d65eb-dd53-496d-adb7-7570c7caa443,Transcriptomic diversity of cell types across the adult human brain,10.1101/2022.10.12.511898,5e5ab909-f73f-4b57-98a0-6d2c5662f6a4,Dissection: Midbrain (M) - Inferior colliculus and nearby nuclei - IC,5e5ab909-f73f-4b57-98a0-6d2c5662f6a4.h5ad,32306
221,221,283d65eb-dd53-496d-adb7-7570c7caa443,Transcriptomic diversity of cell types across the adult human brain,10.1101/2022.10.12.511898,5bc23cb2-8cfc-4960-bab1-c3027fbeefc4,Dissection: Hypothalamus (HTH) - mammillary region of HTH (HTHma) - mammillary nucleus - MN,5bc23cb2-8cfc-4960-bab1-c3027fbeefc4.h5ad,28155
222,222,283d65eb-dd53-496d-adb7-7570c7caa443,Transcriptomic diversity of cell types across the adult human brain,10.1101/2022.10.12.511898,5a73f63f-18a2-49b5-b431-2c469c41a41b,Dissection: Thalamus (THM) - medial nuclear complex of thalamus (MNC) - mediodorsal nucleus of thalamus - MD,5a73f63f-18a2-49b5-b431-2c469c41a41b.h5ad,20916
223,223,283d65eb-dd53-496d-adb7-7570c7caa443,Transcriptomic diversity of cell types across the adult human brain,10.1101/2022.10.12.511898,599504e5-d4ad-45bd-9128-823faf0fb9c9,Supercluster: Mammillary body,599504e5-d4ad-45bd-9128-823faf0fb9c9.h5ad,16602
224,224,283d65eb-dd53-496d-adb7-7570c7caa443,Transcriptomic diversity of cell types across the adult human brain,10.1101/2022.10.12.511898,59923449-e303-43e6-9e63-03ef92f5ebd1,Supercluster: Miscellaneous,59923449-e303-43e6-9e63-03ef92f5ebd1.h5ad,25071
225,225,283d65eb-dd53-496d-adb7-7570c7caa443,Transcriptomic diversity of cell types across the adult human brain,10.1101/2022.10.12.511898,56c33a38-2732-4e53-a9c1-1bc61eda9a99,Dissection: Cerebral cortex (Cx) - Postcentral gyrus (PoCG) - Primary somatosensory cortex - S1C,56c33a38-2732-4e53-a9c1-1bc61eda9a99.h5ad,38188
226,226,283d65eb-dd53-496d-adb7-7570c7caa443,Transcriptomic diversity of cell types across the adult human brain,10.1101/2022.10.12.511898,531c9543-9093-45ed-93ac-ebc5815bfb8a,Supercluster: Fibroblast,531c9543-9093-45ed-93ac-ebc5815bfb8a.h5ad,9156
227,227,283d65eb-dd53-496d-adb7-7570c7caa443,Transcriptomic diversity of cell types across the adult human brain,10.1101/2022.10.12.511898,52f18bc3-52d9-487b-bf8f-f0b7aa684b09,Dissection: Midbrain (M) - Substantia Nigra - SN,52f18bc3-52d9-487b-bf8f-f0b7aa684b09.h5ad,59505
228,228,283d65eb-dd53-496d-adb7-7570c7caa443,Transcriptomic diversity of cell types across the adult human brain,10.1101/2022.10.12.511898,52ea546e-9229-40ef-b048-a2e694dd73e8,"Dissection: Cerebral cortex (Cx) - Anterior parahippocampal gyrus, posterior part (APH) - Medial entorhinal cortex - MEC",52ea546e-9229-40ef-b048-a2e694dd73e8.h5ad,50362
229,229,283d65eb-dd53-496d-adb7-7570c7caa443,Transcriptomic diversity of cell types across the adult human brain,10.1101/2022.10.12.511898,529bb209-9d7b-44da-bfa4-f6e4745c46c2,Dissection: Basal nuclei (BN) - Body of the Caudate - CaB,529bb209-9d7b-44da-bfa4-f6e4745c46c2.h5ad,32678
230,230,283d65eb-dd53-496d-adb7-7570c7caa443,Transcriptomic diversity of cell types across the adult human brain,10.1101/2022.10.12.511898,50dc91a1-36b6-472a-b884-7307b6961ab1,Supercluster: Bergmann glia,50dc91a1-36b6-472a-b884-7307b6961ab1.h5ad,8041
231,231,283d65eb-dd53-496d-adb7-7570c7caa443,Transcriptomic diversity of cell types across the adult human brain,10.1101/2022.10.12.511898,4d43082e-59cd-43ac-b77d-54d55519c881,Dissection: Cerebral cortex (Cx) - Rostral gyrus (RoG) - Dorsal division of MFC - A32,4d43082e-59cd-43ac-b77d-54d55519c881.h5ad,24808
232,232,283d65eb-dd53-496d-adb7-7570c7caa443,Transcriptomic diversity of cell types across the adult human brain,10.1101/2022.10.12.511898,4976b234-9028-4b4b-8a2f-8ac59d636219,Dissection: Cerebellum (CB) - Cerebellar Vermis - CBV,4976b234-9028-4b4b-8a2f-8ac59d636219.h5ad,71874
233,233,283d65eb-dd53-496d-adb7-7570c7caa443,Transcriptomic diversity of cell types across the adult human brain,10.1101/2022.10.12.511898,489eaa11-c119-4a5f-b44b-81e33c80c0ef,Dissection: Cerebral cortex (Cx) - Transverse temporal gyrus (TTG) - Primary auditory cortex - A1C,489eaa11-c119-4a5f-b44b-81e33c80c0ef.h5ad,32790
234,234,283d65eb-dd53-496d-adb7-7570c7caa443,Transcriptomic diversity of cell types across the adult human brain,10.1101/2022.10.12.511898,4724c395-0c46-46d2-81f7-60fd271fb488,Dissection: Head of hippocampus (HiH) - DG-CA4,4724c395-0c46-46d2-81f7-60fd271fb488.h5ad,35350
235,235,283d65eb-dd53-496d-adb7-7570c7caa443,Transcriptomic diversity of cell types across the adult human brain,10.1101/2022.10.12.511898,470565f2-5afc-456a-b617-18e4496c04fd,Dissection: Midbrain (RN) - Red Nucleus - RN,470565f2-5afc-456a-b617-18e4496c04fd.h5ad,4714
236,236,283d65eb-dd53-496d-adb7-7570c7caa443,Transcriptomic diversity of cell types across the adult human brain,10.1101/2022.10.12.511898,46ff9dc2-3d87-4b36-91aa-ffa8aa13c52e,Dissection: Cerebral cortex (Cx) - Anterior parahippocampal gyrus (AG) - Lateral entorhinal cortex - LEC,46ff9dc2-3d87-4b36-91aa-ffa8aa13c52e.h5ad,32745
237,237,283d65eb-dd53-496d-adb7-7570c7caa443,Transcriptomic diversity of cell types across the adult human brain,10.1101/2022.10.12.511898,4593c820-512d-4805-a10f-c0b864a7cc8c,Dissection: Amygdaloid complex (AMY) - basolateral nuclear group (BLN) - basomedial nucleus (accessory basal nucleus) - BM,4593c820-512d-4805-a10f-c0b864a7cc8c.h5ad,31090
238,238,283d65eb-dd53-496d-adb7-7570c7caa443,Transcriptomic diversity of cell types across the adult human brain,10.1101/2022.10.12.511898,43b7e156-65b3-4a7b-8c7a-08528e4b21d0,Dissection: Basal forebrain (BF) - substantia innominata and nearby nuclei - SI,43b7e156-65b3-4a7b-8c7a-08528e4b21d0.h5ad,38205
239,239,283d65eb-dd53-496d-adb7-7570c7caa443,Transcriptomic diversity of cell types across the adult human brain,10.1101/2022.10.12.511898,421e5f54-5de7-425f-b399-34ead0651ce1,Dissection: Cerebral cortex (Cx) - Frontal agranular insular cortex - FI,421e5f54-5de7-425f-b399-34ead0651ce1.h5ad,34949
240,240,283d65eb-dd53-496d-adb7-7570c7caa443,Transcriptomic diversity of cell types across the adult human brain,10.1101/2022.10.12.511898,40e79234-65e8-45e9-b555-5c663154a108,Supercluster: Oligodendrocyte,40e79234-65e8-45e9-b555-5c663154a108.h5ad,490246
241,241,283d65eb-dd53-496d-adb7-7570c7caa443,Transcriptomic diversity of cell types across the adult human brain,10.1101/2022.10.12.511898,40569510-2282-461b-84df-6218ef208e0e,Dissection: Hypothalamus (HTH) - tuberal region of hypothalamus - HTHtub,40569510-2282-461b-84df-6218ef208e0e.h5ad,13173
242,242,283d65eb-dd53-496d-adb7-7570c7caa443,Transcriptomic diversity of cell types across the adult human brain,10.1101/2022.10.12.511898,40318d39-3d8f-49f4-8455-a2e1365c5c5b,Dissection: Basal nuclei (BN) - Nucleus Accumbens - NAC,40318d39-3d8f-49f4-8455-a2e1365c5c5b.h5ad,30132
243,243,283d65eb-dd53-496d-adb7-7570c7caa443,Transcriptomic diversity of cell types across the adult human brain,10.1101/2022.10.12.511898,3f56901c-dd4a-47d6-b60b-7b0c0111cfb2,Dissection: Head of hippocampus (HiH) - CA1-3,3f56901c-dd4a-47d6-b60b-7b0c0111cfb2.h5ad,37911
244,244,283d65eb-dd53-496d-adb7-7570c7caa443,Transcriptomic diversity of cell types across the adult human brain,10.1101/2022.10.12.511898,3f31f8ce-bbf6-4df8-8203-aa240ed03026,Dissection: Cerebral cortex (Cx) - Anterior cingulate cortex - ACC,3f31f8ce-bbf6-4df8-8203-aa240ed03026.h5ad,32157
245,245,283d65eb-dd53-496d-adb7-7570c7caa443,Transcriptomic diversity of cell types across the adult human brain,10.1101/2022.10.12.511898,3a7f3ab4-a280-4b3b-b2c0-6dd05614a78c,Supercluster: Splatter,3a7f3ab4-a280-4b3b-b2c0-6dd05614a78c.h5ad,291833
246,246,283d65eb-dd53-496d-adb7-7570c7caa443,Transcriptomic diversity of cell types across the adult human brain,10.1101/2022.10.12.511898,381aa407-317a-40ef-8048-7ce0eacc4266,Dissection: Thalamus (THM) - lateral nuclear complex of thalamus (LNC) - lateral posterior nucleus of thalamus - LP,381aa407-317a-40ef-8048-7ce0eacc4266.h5ad,26172
247,247,283d65eb-dd53-496d-adb7-7570c7caa443,Transcriptomic diversity of cell types across the adult human brain,10.1101/2022.10.12.511898,367b55f4-d543-49aa-90e8-4765fcb8c687,Dissection: Thalamus (THM) - intralaminar nuclear complex (ILN) - posterior group of intralaminar nuclei (PILN) - centromedian and parafasicular nuclei - CM and Pf,367b55f4-d543-49aa-90e8-4765fcb8c687.h5ad,24354
248,248,283d65eb-dd53-496d-adb7-7570c7caa443,Transcriptomic diversity of cell types across the adult human brain,10.1101/2022.10.12.511898,364348b4-bc34-4fe1-a851-60d99e36cafa,Dissection: Thalamus (THM) - intralaminar nuclear complex (ILN) - posterior group of intralaminar nuclei (PILN) - centromedian nucleus of thalamus - CM,364348b4-bc34-4fe1-a851-60d99e36cafa.h5ad,12944
249,249,283d65eb-dd53-496d-adb7-7570c7caa443,Transcriptomic diversity of cell types across the adult human brain,10.1101/2022.10.12.511898,35c8a04c-8639-4d15-8228-765d8d93fc96,"Dissection: Hypothalamus (HTH) - supraoptic region of HTH - HTHso (anterior hypothalamic nucleus, AHN) - tuberal region of HTH - HTHtub (ventromedial and dorsomedial hypothalamic nucleic nuclei, VMH, DMH)",35c8a04c-8639-4d15-8228-765d8d93fc96.h5ad,16753
250,250,283d65eb-dd53-496d-adb7-7570c7caa443,Transcriptomic diversity of cell types across the adult human brain,10.1101/2022.10.12.511898,35090826-f636-40c1-a3ef-4466beeab9f8,Supercluster: Deep-layer near-projecting,35090826-f636-40c1-a3ef-4466beeab9f8.h5ad,18856
251,251,283d65eb-dd53-496d-adb7-7570c7caa443,Transcriptomic diversity of cell types across the adult human brain,10.1101/2022.10.12.511898,31f04740-c712-4c4b-a3f8-55c0506b3034,Dissection: Claustrum - Cla,31f04740-c712-4c4b-a3f8-55c0506b3034.h5ad,40165
252,252,283d65eb-dd53-496d-adb7-7570c7caa443,Transcriptomic diversity of cell types across the adult human brain,10.1101/2022.10.12.511898,2ef8f3ce-bbff-447b-9e51-567e5d6c47bd,Dissection: Body of hippocampus (HiB) - Rostral DG-CA4,2ef8f3ce-bbff-447b-9e51-567e5d6c47bd.h5ad,10411
253,253,283d65eb-dd53-496d-adb7-7570c7caa443,Transcriptomic diversity of cell types across the adult human brain,10.1101/2022.10.12.511898,2a8ca8f3-5599-4cda-b973-3a2dfc3c1fe6,Dissection: Amygdaloid complex (AMY) - Corticomedial nuclear group (CMN) - anterior cortical nucleus - CoA,2a8ca8f3-5599-4cda-b973-3a2dfc3c1fe6.h5ad,10778
254,254,283d65eb-dd53-496d-adb7-7570c7caa443,Transcriptomic diversity of cell types across the adult human brain,10.1101/2022.10.12.511898,27d91086-cfe3-4e33-9282-bd1246e5ce8e,Dissection: Cerebral cortex (Cx) - Long insular gyri (LIG) - Dysgranular insular cortex - Idg,27d91086-cfe3-4e33-9282-bd1246e5ce8e.h5ad,39696
255,255,283d65eb-dd53-496d-adb7-7570c7caa443,Transcriptomic diversity of cell types across the adult human brain,10.1101/2022.10.12.511898,22658f4f-9268-41ad-8828-cc53f4baa9fa,Dissection: Hypothalamus (HTH) - supraoptic region of HTH - HTHso,22658f4f-9268-41ad-8828-cc53f4baa9fa.h5ad,12557
256,256,283d65eb-dd53-496d-adb7-7570c7caa443,Transcriptomic diversity of cell types across the adult human brain,10.1101/2022.10.12.511898,2190bd4d-3be0-4bf7-8ca8-8d6f71228936,Supercluster: Midbrain-derived inhibitory,2190bd4d-3be0-4bf7-8ca8-8d6f71228936.h5ad,126782
257,257,283d65eb-dd53-496d-adb7-7570c7caa443,Transcriptomic diversity of cell types across the adult human brain,10.1101/2022.10.12.511898,2185eb07-22e2-4209-b3c8-7111afc6aa90,Supercluster: Oligodendrocyte precursor,2185eb07-22e2-4209-b3c8-7111afc6aa90.h5ad,105734
258,258,283d65eb-dd53-496d-adb7-7570c7caa443,Transcriptomic diversity of cell types across the adult human brain,10.1101/2022.10.12.511898,20980d73-7c53-4039-b852-b76a01566d5a,Dissection: Cerebral cortex (Cx) - Lingual gyrus (LiG) - Primary Visual Cortex - V1C,20980d73-7c53-4039-b852-b76a01566d5a.h5ad,33484
259,259,283d65eb-dd53-496d-adb7-7570c7caa443,Transcriptomic diversity of cell types across the adult human brain,10.1101/2022.10.12.511898,1cf24082-59de-4029-ac81-6e398768af3a,Dissection: Cerebral cortex (Cx) - Inferior temporal gyrus - ITG,1cf24082-59de-4029-ac81-6e398768af3a.h5ad,29522
260,260,283d65eb-dd53-496d-adb7-7570c7caa443,Transcriptomic diversity of cell types across the adult human brain,10.1101/2022.10.12.511898,1b767f95-d0a0-4a3d-b394-cc665d86c3dc,Dissection: Extended amygdala (EXA) - Bed nucleus of stria terminalis and nearby - BNST,1b767f95-d0a0-4a3d-b394-cc665d86c3dc.h5ad,34933
261,261,283d65eb-dd53-496d-adb7-7570c7caa443,Transcriptomic diversity of cell types across the adult human brain,10.1101/2022.10.12.511898,1a018108-b4b6-457b-ba15-046d5e98c169,Dissection: Myelencephalon (medulla oblongata) (Mo) - precerebellar nuclei (PrCbN) - inferior olive - IO,1a018108-b4b6-457b-ba15-046d5e98c169.h5ad,21534
262,262,283d65eb-dd53-496d-adb7-7570c7caa443,Transcriptomic diversity of cell types across the adult human brain,10.1101/2022.10.12.511898,19b21f40-db42-4a71-a0d6-913e83b17784,Dissection: Head of hippocampus (HiH) - Tail of Hippocampus (HiT) - Subicular cortex - Sub,19b21f40-db42-4a71-a0d6-913e83b17784.h5ad,41568
263,263,283d65eb-dd53-496d-adb7-7570c7caa443,Transcriptomic diversity of cell types across the adult human brain,10.1101/2022.10.12.511898,18500fcd-9960-49cb-8a8e-7d868dc14efe,Dissection: Basal nuclei (BN) - Globus pallidus (GP) - External segment of globus pallidus - GPe,18500fcd-9960-49cb-8a8e-7d868dc14efe.h5ad,50830
264,264,283d65eb-dd53-496d-adb7-7570c7caa443,Transcriptomic diversity of cell types across the adult human brain,10.1101/2022.10.12.511898,182f6a56-7360-4924-a74e-1772e07b3031,Dissection: Body of hippocampus (HiB) - Rostral CA1-CA3,182f6a56-7360-4924-a74e-1772e07b3031.h5ad,28724
265,265,283d65eb-dd53-496d-adb7-7570c7caa443,Transcriptomic diversity of cell types across the adult human brain,10.1101/2022.10.12.511898,1185a7d3-a9c1-4280-9ba5-d61895b15cac,Dissection: Amygdaloid complex (AMY) - corticomedial nuclear group - CMN,1185a7d3-a9c1-4280-9ba5-d61895b15cac.h5ad,38331
266,266,283d65eb-dd53-496d-adb7-7570c7caa443,Transcriptomic diversity of cell types across the adult human brain,10.1101/2022.10.12.511898,0ee5ae70-c3f5-473f-bd1c-287f4690ffc5,Dissection: Myelencephalon (medulla oblongata) (Mo) - sensory relay nuclei in medulla oblongata - MoSR,0ee5ae70-c3f5-473f-bd1c-287f4690ffc5.h5ad,13623
267,267,283d65eb-dd53-496d-adb7-7570c7caa443,Transcriptomic diversity of cell types across the adult human brain,10.1101/2022.10.12.511898,0d7f4c06-a6bd-47d2-a42b-3a7196704f77,Supercluster: Vascular,0d7f4c06-a6bd-47d2-a42b-3a7196704f77.h5ad,9932
268,268,283d65eb-dd53-496d-adb7-7570c7caa443,Transcriptomic diversity of cell types across the adult human brain,10.1101/2022.10.12.511898,095940cb-7422-4510-96e2-cbafd961eb88,Dissection: Cerebellum (CB) - Cerebellar deep nuclei - CbDN,095940cb-7422-4510-96e2-cbafd961eb88.h5ad,52045
269,269,283d65eb-dd53-496d-adb7-7570c7caa443,Transcriptomic diversity of cell types across the adult human brain,10.1101/2022.10.12.511898,090da8ea-46e8-40df-bffc-1f78e1538d27,Dissection: Spinal cord - SpC,090da8ea-46e8-40df-bffc-1f78e1538d27.h5ad,24190
270,270,283d65eb-dd53-496d-adb7-7570c7caa443,Transcriptomic diversity of cell types across the adult human brain,10.1101/2022.10.12.511898,07b1d7c8-5c2e-42f7-9246-26f746cd6013,Dissection: Myelencephalon (medulla oblongata) (Mo) - afferent nuclei of cranial nerves in medulla oblongata - MoAN,07b1d7c8-5c2e-42f7-9246-26f746cd6013.h5ad,27210
271,271,283d65eb-dd53-496d-adb7-7570c7caa443,Transcriptomic diversity of cell types across the adult human brain,10.1101/2022.10.12.511898,04a23820-ffa8-4be5-9f65-64db15631d1e,Supercluster: Upper rhombic lip,04a23820-ffa8-4be5-9f65-64db15631d1e.h5ad,137162
272,272,283d65eb-dd53-496d-adb7-7570c7caa443,Transcriptomic diversity of cell types across the adult human brain,10.1101/2022.10.12.511898,03d38670-1444-4001-bc53-9936e61d9b20,"Dissection: Hypothalamus (HTH) - preoptic region of HTH - HTHpo (medial preoptic nucleus, MPN) - supraoptic region of HTH - HTHso (paraventricular nucleus, PV)",03d38670-1444-4001-bc53-9936e61d9b20.h5ad,20027
273,273,283d65eb-dd53-496d-adb7-7570c7caa443,Transcriptomic diversity of cell types across the adult human brain,10.1101/2022.10.12.511898,0325478a-9b52-45b5-b40a-2e2ab0d72eb1,Supercluster: Upper-layer intratelencephalic,0325478a-9b52-45b5-b40a-2e2ab0d72eb1.h5ad,455006
274,274,283d65eb-dd53-496d-adb7-7570c7caa443,Transcriptomic diversity of cell types across the adult human brain,10.1101/2022.10.12.511898,00476f9f-ebc1-4b72-b541-32f912ce36ea,Dissection: Hypothalamus (HTH) - mammillary region of HTH (HTHma),00476f9f-ebc1-4b72-b541-32f912ce36ea.h5ad,10099
290,290,1a486c4c-c115-4721-8c9f-f9f096e10857,Single-cell transcriptomic atlas of the human retina identifies cell types associated with age-related macular degeneration,10.1038/s41467-019-12780-8,856c1b98-5727-49da-bf0f-151bdb8cb056,Retina,856c1b98-5727-49da-bf0f-151bdb8cb056.h5ad,20091
291,291,bd5230f4-cd76-4d35-9ee5-89b3e7475659,Single cell RNA sequencing of human liver reveals distinct intrahepatic macrophage populations,10.1038/s41467-018-06318-7,a43aa46b-bd16-47fe-bc3e-19a052624e79,Liver,a43aa46b-bd16-47fe-bc3e-19a052624e79.h5ad,8444
292,292,d36ca85c-3e8b-444c-ba3e-a645040c6185,A molecular atlas of the human postmenopausal fallopian tube and ovary from single-cell RNA and ATAC sequencing,10.1016/j.celrep.2022.111838,d1207c81-7309-43a7-a5a0-f4283670b62b,Ovary RNA,d1207c81-7309-43a7-a5a0-f4283670b62b.h5ad,26134
293,293,d36ca85c-3e8b-444c-ba3e-a645040c6185,A molecular atlas of the human postmenopausal fallopian tube and ovary from single-cell RNA and ATAC sequencing,10.1016/j.celrep.2022.111838,90d4a63b-5c02-43eb-acde-c49345681601,Fallopian tube RNA,90d4a63b-5c02-43eb-acde-c49345681601.h5ad,60574
306,306,0a77d4c0-d5d0-40f0-aa1a-5e1429bcbd7e,A transcriptional cross species map of pancreatic islet cells,10.1016/j.molmet.2022.101595,9c4c8515-8f82-4c72-b0c6-f87647b00bbe,Cross species map of pancreatic beta cells,9c4c8515-8f82-4c72-b0c6-f87647b00bbe.h5ad,11923
307,307,0a77d4c0-d5d0-40f0-aa1a-5e1429bcbd7e,A transcriptional cross species map of pancreatic islet cells,10.1016/j.molmet.2022.101595,78f10833-3e61-4fad-96c9-4bbd4f14bdfa,Cross species map of pancreatic alpha cells,78f10833-3e61-4fad-96c9-4bbd4f14bdfa.h5ad,11541
308,308,0a77d4c0-d5d0-40f0-aa1a-5e1429bcbd7e,A transcriptional cross species map of pancreatic islet cells,10.1016/j.molmet.2022.101595,3294d050-6eeb-4a00-b24c-71aacc9b777f,Human pancreatic islet cells,3294d050-6eeb-4a00-b24c-71aacc9b777f.h5ad,26474
311,311,6ff3401b-d72c-4940-a00c-3f0792397082,SARS-CoV-2 receptor ACE2 and TMPRSS2 are primarily expressed in bronchial transient secretory cells,10.15252/embj.20105114,8fcf0ccc-67b2-43a3-90be-075f85169bef,Airway,8fcf0ccc-67b2-43a3-90be-075f85169bef.h5ad,17451
312,312,6ff3401b-d72c-4940-a00c-3f0792397082,SARS-CoV-2 receptor ACE2 and TMPRSS2 are primarily expressed in bronchial transient secretory cells,10.15252/embj.20105114,2f132ec9-24b5-422f-9be0-ccef03b4fe28,Lung,2f132ec9-24b5-422f-9be0-ccef03b4fe28.h5ad,39778
313,313,edb893ee-4066-4128-9aec-5eb2b03f8287,High-resolution single-cell atlas reveals diversity and plasticity of tumor-associated neutrophils in non-small cell lung cancer,10.1016/j.ccell.2022.10.008,232f6a5a-a04c-4758-a6e8-88ab2e3a6e69,The single-cell lung cancer atlas (LuCA) -- core atlas,232f6a5a-a04c-4758-a6e8-88ab2e3a6e69.h5ad,892296
314,314,edb893ee-4066-4128-9aec-5eb2b03f8287,High-resolution single-cell atlas reveals diversity and plasticity of tumor-associated neutrophils in non-small cell lung cancer,10.1016/j.ccell.2022.10.008,1e6a6ef9-7ec9-4c90-bbfb-2ad3c3165fd1,The single-cell lung cancer atlas (LuCA) -- extended atlas,1e6a6ef9-7ec9-4c90-bbfb-2ad3c3165fd1.h5ad,1283972
327,327,93eebe82-d8c3-41bc-a906-63b5b5f24a9d,Single-cell proteo-genomic reference maps of the hematopoietic system enable the purification and massive profiling of precisely defined cell states,10.1038/s41590-021-01059-0,d3566d6a-a455-4a15-980f-45eb29114cab,blood and bone marrow from a healthy young donor,d3566d6a-a455-4a15-980f-45eb29114cab.h5ad,15502
328,328,93eebe82-d8c3-41bc-a906-63b5b5f24a9d,Single-cell proteo-genomic reference maps of the hematopoietic system enable the purification and massive profiling of precisely defined cell states,10.1038/s41590-021-01059-0,cd4c96bb-ad66-4e83-ba9e-a7df8790eb12,3 healthy young and 3 healthy old bone marrow donors (Reference sample),cd4c96bb-ad66-4e83-ba9e-a7df8790eb12.h5ad,49057
329,329,93eebe82-d8c3-41bc-a906-63b5b5f24a9d,Single-cell proteo-genomic reference maps of the hematopoietic system enable the purification and massive profiling of precisely defined cell states,10.1038/s41590-021-01059-0,c05fb583-eb2f-4e3a-8e74-f9bd6414e418,healthy young bone marrow donor,c05fb583-eb2f-4e3a-8e74-f9bd6414e418.h5ad,13165
332,332,8191c283-0816-424b-9b61-c3e1d6258a77,Spatial multi-omic map of human myocardial infarction,10.1038/s41586-022-05060-x,1c739a3e-c3f5-49d5-98e0-73975e751201,All-snRNA-Spatial multi-omic map of human myocardial infarction,1c739a3e-c3f5-49d5-98e0-73975e751201.h5ad,191795
344,344,de13e3e2-23b6-40ed-a413-e9e12d7d3910,A cell atlas of human thymic development defines T cell repertoire formation,10.1126/science.aay3224,cda2c8cd-be1c-42e5-b2cd-162caa1c4ce7,Figure 1 - A cell atlas of human thymic development defines T cell repertoire formation,cda2c8cd-be1c-42e5-b2cd-162caa1c4ce7.h5ad,255901
345,345,de13e3e2-23b6-40ed-a413-e9e12d7d3910,A cell atlas of human thymic development defines T cell repertoire formation,10.1126/science.aay3224,814f2c97-49e4-4a17-be26-fde3c4c57d1b,Human Stem Cells (LIV and TH) - A cell atlas of human thymic development defines T cell repertoire formation,814f2c97-49e4-4a17-be26-fde3c4c57d1b.h5ad,27589
347,347,de13e3e2-23b6-40ed-a413-e9e12d7d3910,A cell atlas of human thymic development defines T cell repertoire formation,10.1126/science.aay3224,04c0bdd8-840f-488e-b72d-2a1229bc65db,Human Thymic Epithelial Cells - A cell atlas of human thymic development defines T cell repertoire formation,04c0bdd8-840f-488e-b72d-2a1229bc65db.h5ad,18524
358,358,c353707f-09a4-4f12-92a0-cb741e57e5f0,Single-cell transcriptomes of the human skin reveal age-related loss of fibroblast priming,10.1038/s42003-020-0922-4,124744b8-4681-474a-9894-683896122708,Single-cell transcriptomes of the human skin reveal age-related loss of fibroblast priming,124744b8-4681-474a-9894-683896122708.h5ad,15457
362,362,120e86b4-1195-48c5-845b-b98054105eec,Spatiotemporal immune zonation of the human kidney,10.1126/science.aat5031,9ea768a2-87ab-46b6-a73d-c4e915f25af3,Mature kidney dataset: full,9ea768a2-87ab-46b6-a73d-c4e915f25af3.h5ad,40268
363,363,120e86b4-1195-48c5-845b-b98054105eec,Spatiotemporal immune zonation of the human kidney,10.1126/science.aat5031,2fc9c59f-3cfd-48d9-9b23-e369ea31bff3,Mature kidney dataset: non PT parenchyma,2fc9c59f-3cfd-48d9-9b23-e369ea31bff3.h5ad,4620
365,365,120e86b4-1195-48c5-845b-b98054105eec,Spatiotemporal immune zonation of the human kidney,10.1126/science.aat5031,20d87640-4be8-487f-93d4-dce38378d00f,Mature kidney dataset: immune,20d87640-4be8-487f-93d4-dce38378d00f.h5ad,7803
370,370,62e8f058-9c37-48bc-9200-e767f318a8ec,HTAN MSK - Single cell profiling reveals novel tumor and myeloid subpopulations in small cell lung cancer,10.1016/j.ccell.2021.09.008,f64e1be1-de15-4d27-8da4-82225cd4c035,Immune cells,f64e1be1-de15-4d27-8da4-82225cd4c035.h5ad,73047
371,371,62e8f058-9c37-48bc-9200-e767f318a8ec,HTAN MSK - Single cell profiling reveals novel tumor and myeloid subpopulations in small cell lung cancer,10.1016/j.ccell.2021.09.008,e9175006-8978-4417-939f-819855eab80e,Myeloid cells,e9175006-8978-4417-939f-819855eab80e.h5ad,14072
372,372,62e8f058-9c37-48bc-9200-e767f318a8ec,HTAN MSK - Single cell profiling reveals novel tumor and myeloid subpopulations in small cell lung cancer,10.1016/j.ccell.2021.09.008,d4cfefa0-3a35-44eb-b848-d7a725b481e7,NSCLC epithelial cells,d4cfefa0-3a35-44eb-b848-d7a725b481e7.h5ad,9778
373,373,62e8f058-9c37-48bc-9200-e767f318a8ec,HTAN MSK - Single cell profiling reveals novel tumor and myeloid subpopulations in small cell lung cancer,10.1016/j.ccell.2021.09.008,d224c8e0-c28e-4360-9e42-b3977cd83f9f,Mesenchymal cells,d224c8e0-c28e-4360-9e42-b3977cd83f9f.h5ad,8030
375,375,62e8f058-9c37-48bc-9200-e767f318a8ec,HTAN MSK - Single cell profiling reveals novel tumor and myeloid subpopulations in small cell lung cancer,10.1016/j.ccell.2021.09.008,a6858c10-c52a-4a1d-bc12-a90dbd51ca66,Epithelial cells,a6858c10-c52a-4a1d-bc12-a90dbd51ca66.h5ad,64091
377,377,62e8f058-9c37-48bc-9200-e767f318a8ec,HTAN MSK - Single cell profiling reveals novel tumor and myeloid subpopulations in small cell lung cancer,10.1016/j.ccell.2021.09.008,576f193c-75d0-4a11-bd25-8676587e6dc2,Combined samples,576f193c-75d0-4a11-bd25-8676587e6dc2.h5ad,147137
379,379,62e8f058-9c37-48bc-9200-e767f318a8ec,HTAN MSK - Single cell profiling reveals novel tumor and myeloid subpopulations in small cell lung cancer,10.1016/j.ccell.2021.09.008,486486d4-9462-43e5-9249-eb43fa5a49a6,T cells,486486d4-9462-43e5-9249-eb43fa5a49a6.h5ad,46140
381,381,1ca90a2d-2943-483d-b678-b809bf464c30,SEA-AD: Seattle Alzheimerâ€™s Disease Brain Cell Atlas,10.1101/2023.05.08.539485,f67f2cfa-ba45-4f77-8e26-64a15f666043,Pax6 - MTG: Seattle Alzheimer's Disease Atlas (SEA-AD),f67f2cfa-ba45-4f77-8e26-64a15f666043.h5ad,8463
382,382,1ca90a2d-2943-483d-b678-b809bf464c30,SEA-AD: Seattle Alzheimerâ€™s Disease Brain Cell Atlas,10.1101/2023.05.08.539485,eec3e37d-ed41-4881-bc6e-aaf39a2c6eb0,Lamp5 - MTG: Seattle Alzheimer's Disease Atlas (SEA-AD),eec3e37d-ed41-4881-bc6e-aaf39a2c6eb0.h5ad,38660
383,383,1ca90a2d-2943-483d-b678-b809bf464c30,SEA-AD: Seattle Alzheimerâ€™s Disease Brain Cell Atlas,10.1101/2023.05.08.539485,e8ac3386-31d4-48ba-aa70-1bae0cf020e7,Lamp5_Lhx6 - MTG: Seattle Alzheimer's Disease Atlas (SEA-AD),e8ac3386-31d4-48ba-aa70-1bae0cf020e7.h5ad,19385
384,384,1ca90a2d-2943-483d-b678-b809bf464c30,SEA-AD: Seattle Alzheimerâ€™s Disease Brain Cell Atlas,10.1101/2023.05.08.539485,de104f7e-14fa-4795-bd19-b5ee2c1563e0,L6 IT - MTG: Seattle Alzheimer's Disease Atlas (SEA-AD),de104f7e-14fa-4795-bd19-b5ee2c1563e0.h5ad,40269
385,385,1ca90a2d-2943-483d-b678-b809bf464c30,SEA-AD: Seattle Alzheimerâ€™s Disease Brain Cell Atlas,10.1101/2023.05.08.539485,d87f3f91-dca4-494b-8993-c4e3008a8fa5,Pvalb - MTG: Seattle Alzheimer's Disease Atlas (SEA-AD),d87f3f91-dca4-494b-8993-c4e3008a8fa5.h5ad,81879
386,386,1ca90a2d-2943-483d-b678-b809bf464c30,SEA-AD: Seattle Alzheimerâ€™s Disease Brain Cell Atlas,10.1101/2023.05.08.539485,d2fc9880-e6d3-4922-af5c-61f4f517adfa,Oligo - MTG: Seattle Alzheimer's Disease Atlas (SEA-AD),d2fc9880-e6d3-4922-af5c-61f4f517adfa.h5ad,99369
387,387,1ca90a2d-2943-483d-b678-b809bf464c30,SEA-AD: Seattle Alzheimerâ€™s Disease Brain Cell Atlas,10.1101/2023.05.08.539485,c76098ba-eed3-45b1-98f2-96fcac55ed18,Micro-PVM - MTG: Seattle Alzheimer's Disease Atlas (SEA-AD),c76098ba-eed3-45b1-98f2-96fcac55ed18.h5ad,35889
388,388,1ca90a2d-2943-483d-b678-b809bf464c30,SEA-AD: Seattle Alzheimerâ€™s Disease Brain Cell Atlas,10.1101/2023.05.08.539485,c19275f5-739e-4796-ad5d-b0830b760db1,L6 CT - MTG: Seattle Alzheimer's Disease Atlas (SEA-AD),c19275f5-739e-4796-ad5d-b0830b760db1.h5ad,16418
389,389,1ca90a2d-2943-483d-b678-b809bf464c30,SEA-AD: Seattle Alzheimerâ€™s Disease Brain Cell Atlas,10.1101/2023.05.08.539485,b74100ea-1a1a-486a-9cad-70ae44150935,L2/3 IT - MTG: Seattle Alzheimer's Disease Atlas (SEA-AD),b74100ea-1a1a-486a-9cad-70ae44150935.h5ad,289193
390,390,1ca90a2d-2943-483d-b678-b809bf464c30,SEA-AD: Seattle Alzheimerâ€™s Disease Brain Cell Atlas,10.1101/2023.05.08.539485,ac0fee7e-0999-4319-b244-20278e1ff2fb,L4 IT - MTG: Seattle Alzheimer's Disease Atlas (SEA-AD),ac0fee7e-0999-4319-b244-20278e1ff2fb.h5ad,148532
391,391,1ca90a2d-2943-483d-b678-b809bf464c30,SEA-AD: Seattle Alzheimerâ€™s Disease Brain Cell Atlas,10.1101/2023.05.08.539485,a0d173dd-bb10-4d13-8b9a-e13a4ee83c8c,Vip - MTG: Seattle Alzheimer's Disease Atlas (SEA-AD),a0d173dd-bb10-4d13-8b9a-e13a4ee83c8c.h5ad,94828
392,392,1ca90a2d-2943-483d-b678-b809bf464c30,SEA-AD: Seattle Alzheimerâ€™s Disease Brain Cell Atlas,10.1101/2023.05.08.539485,8c6ed88f-11bf-4159-bad7-ff41fb1e1eca,Chandelier - MTG: Seattle Alzheimer's Disease Atlas (SEA-AD),8c6ed88f-11bf-4159-bad7-ff41fb1e1eca.h5ad,9893
393,393,1ca90a2d-2943-483d-b678-b809bf464c30,SEA-AD: Seattle Alzheimerâ€™s Disease Brain Cell Atlas,10.1101/2023.05.08.539485,8a8aedcb-5bb3-453d-a9f0-f37951ae1515,L6b - MTG: Seattle Alzheimer's Disease Atlas (SEA-AD),8a8aedcb-5bb3-453d-a9f0-f37951ae1515.h5ad,14786
394,394,1ca90a2d-2943-483d-b678-b809bf464c30,SEA-AD: Seattle Alzheimerâ€™s Disease Brain Cell Atlas,10.1101/2023.05.08.539485,81e91ff8-f619-4ad1-a0c3-b45e1dc63f68,Sst Chodl - MTG: Seattle Alzheimer's Disease Atlas (SEA-AD),81e91ff8-f619-4ad1-a0c3-b45e1dc63f68.h5ad,1310
395,395,1ca90a2d-2943-483d-b678-b809bf464c30,SEA-AD: Seattle Alzheimerâ€™s Disease Brain Cell Atlas,10.1101/2023.05.08.539485,79d485a8-b8b1-49f2-85aa-c44e5206aa53,L6 IT Car3 - MTG: Seattle Alzheimer's Disease Atlas (SEA-AD),79d485a8-b8b1-49f2-85aa-c44e5206aa53.h5ad,23537
396,396,1ca90a2d-2943-483d-b678-b809bf464c30,SEA-AD: Seattle Alzheimerâ€™s Disease Brain Cell Atlas,10.1101/2023.05.08.539485,75e6eee5-d0e3-4291-9360-f288ffe6c7c4,L5/6 NP - MTG: Seattle Alzheimer's Disease Atlas (SEA-AD),75e6eee5-d0e3-4291-9360-f288ffe6c7c4.h5ad,18567
397,397,1ca90a2d-2943-483d-b678-b809bf464c30,SEA-AD: Seattle Alzheimerâ€™s Disease Brain Cell Atlas,10.1101/2023.05.08.539485,605b89b1-c474-4180-8c0b-88afb5920991,L5 IT - MTG: Seattle Alzheimer's Disease Atlas (SEA-AD),605b89b1-c474-4180-8c0b-88afb5920991.h5ad,113298
398,398,1ca90a2d-2943-483d-b678-b809bf464c30,SEA-AD: Seattle Alzheimerâ€™s Disease Brain Cell Atlas,10.1101/2023.05.08.539485,5ae6ab72-1927-4d5b-9826-86be65791293,Sncg - MTG: Seattle Alzheimer's Disease Atlas (SEA-AD),5ae6ab72-1927-4d5b-9826-86be65791293.h5ad,20181
399,399,1ca90a2d-2943-483d-b678-b809bf464c30,SEA-AD: Seattle Alzheimerâ€™s Disease Brain Cell Atlas,10.1101/2023.05.08.539485,5097d77d-08fa-4105-a18f-4072d61522a4,Astro - MTG: Seattle Alzheimer's Disease Atlas (SEA-AD),5097d77d-08fa-4105-a18f-4072d61522a4.h5ad,62247
400,400,1ca90a2d-2943-483d-b678-b809bf464c30,SEA-AD: Seattle Alzheimerâ€™s Disease Brain Cell Atlas,10.1101/2023.05.08.539485,3e87b1fa-472a-401c-8fa8-f31c10437d5f,Endo - MTG: Seattle Alzheimer's Disease Atlas (SEA-AD),3e87b1fa-472a-401c-8fa8-f31c10437d5f.h5ad,1973
401,401,1ca90a2d-2943-483d-b678-b809bf464c30,SEA-AD: Seattle Alzheimerâ€™s Disease Brain Cell Atlas,10.1101/2023.05.08.539485,236baeda-5fdd-41bf-8e32-bae21ac7d435,VLMC - MTG: Seattle Alzheimer's Disease Atlas (SEA-AD),236baeda-5fdd-41bf-8e32-bae21ac7d435.h5ad,3937
402,402,1ca90a2d-2943-483d-b678-b809bf464c30,SEA-AD: Seattle Alzheimerâ€™s Disease Brain Cell Atlas,10.1101/2023.05.08.539485,1c05b7ae-4dfb-4c1b-a441-4b23c04b169e,OPC - MTG: Seattle Alzheimer's Disease Atlas (SEA-AD),1c05b7ae-4dfb-4c1b-a441-4b23c04b169e.h5ad,29176
403,403,1ca90a2d-2943-483d-b678-b809bf464c30,SEA-AD: Seattle Alzheimerâ€™s Disease Brain Cell Atlas,10.1101/2023.05.08.539485,146216e1-ec30-4fee-a1fb-25defe801e2d,Sst - MTG: Seattle Alzheimer's Disease Atlas (SEA-AD),146216e1-ec30-4fee-a1fb-25defe801e2d.h5ad,52704
404,404,1ca90a2d-2943-483d-b678-b809bf464c30,SEA-AD: Seattle Alzheimerâ€™s Disease Brain Cell Atlas,10.1101/2023.05.08.539485,07428d73-fdea-4bd4-a801-94b00c4d961c,L5 ET - MTG: Seattle Alzheimer's Disease Atlas (SEA-AD),07428d73-fdea-4bd4-a801-94b00c4d961c.h5ad,2361
405,405,32f2fd23-ec74-486f-9544-e5b2f41725f5,Mapping the temporal and spatial dynamics of the human endometrium in vivo and in vitro,10.1038/s41588-021-00972-2,9ddea8d9-cc4c-420a-90f6-880996f808d4,Non-pregnant Uterus (Endometrium - All),9ddea8d9-cc4c-420a-90f6-880996f808d4.h5ad,100307
406,406,32f2fd23-ec74-486f-9544-e5b2f41725f5,Mapping the temporal and spatial dynamics of the human endometrium in vivo and in vitro,10.1038/s41588-021-00972-2,968885c5-b652-48d9-9006-c34b5fc1c07a,Non-pregnant Uterus (Endometrium - Epithelial),968885c5-b652-48d9-9006-c34b5fc1c07a.h5ad,10729
412,412,3472f32d-4a33-48e2-aad5-666d4631bf4c,A single-cell transcriptome atlas of the adult human retina,10.15252/embj.2018100811,d5c67a4e-a8d9-456d-a273-fa01adb1b308,Retina,d5c67a4e-a8d9-456d-a273-fa01adb1b308.h5ad,19694
417,417,dde06e0f-ab3b-46be-96a2-a8082383c4a1,Single-cell eQTL mapping identifies cell type specific genetic control of autoimmune disease,10.1126/science.abf3041,3faad104-2ab8-4434-816d-474d8d2641db,Single-cell eQTL mapping identifies cell type specific genetic control of autoimmune disease,3faad104-2ab8-4434-816d-474d8d2641db.h5ad,1248980
422,422,125eef58-0f61-4963-9b08-53e851ab65fb,Single-cell transcriptomes from human kidneys reveal the cellular identity of renal tumors,10.1126/science.aat1699,105c7dad-0468-4628-a5be-2bb42c6a8ae4,mature,105c7dad-0468-4628-a5be-2bb42c6a8ae4.h5ad,40268
425,425,6f6d381a-7701-4781-935c-db10d30de293,The integrated Human Lung Cell Atlas,10.1038/s41591-023-02327-2,066943a2-fdac-4b29-b348-40cede398e4e,An integrated cell atlas of the human lung in health and disease (core),066943a2-fdac-4b29-b348-40cede398e4e.h5ad,584944
428,428,bcb61471-2a44-4d00-a0af-ff085512674c,An atlas of healthy and injured cell states and niches in the human kidney,10.1101/2021.07.28.454201,32b9bdce-2481-4c85-ba1b-6ad5fcea844c,Single-cell RNA-seq of the Adult Human Kidney (Version 1.0),32b9bdce-2481-4c85-ba1b-6ad5fcea844c.h5ad,107344
429,429,bcb61471-2a44-4d00-a0af-ff085512674c,An atlas of healthy and injured cell states and niches in the human kidney,10.1101/2021.07.28.454201,0b75c598-0893-4216-afe8-5414cab7739d,Integrated Single-nucleus and Single-cell RNA-seq of the Adult Human Kidney,0b75c598-0893-4216-afe8-5414cab7739d.h5ad,304652
430,430,bcb61471-2a44-4d00-a0af-ff085512674c,An atlas of healthy and injured cell states and niches in the human kidney,10.1101/2021.07.28.454201,07854d9c-5375-4a9b-ac34-fa919d3c3686,Single-nucleus RNA-seq of the Adult Human Kidney (Version 1.0),07854d9c-5375-4a9b-ac34-fa919d3c3686.h5ad,172847
431,431,4f889ffc-d4bc-4748-905b-8eb9db47a2ed,Immunophenotyping of COVID-19 and influenza highlights the role of type I interferons in development of severe COVID-19,10.1126/sciimmunol.abd1554,de2c780c-1747-40bd-9ccf-9588ec186cee,Immunophenotyping of COVID-19 and influenza highlights the role of type I interferons in development of severe COVID-19,de2c780c-1747-40bd-9ccf-9588ec186cee.h5ad,59572
432,432,fc77d2ae-247d-44d7-aa24-3f4859254c2c,Cellular heterogeneity of human fallopian tubes in normal and hydrosalpinx disease states identified by scRNA-seq,10.1101/2021.09.16.460628,cac02b79-9f54-4668-9235-60d3b76a4197,scRNA-seq analysis of non-ciliated epithelial cells of healthy human fallopian tubes,cac02b79-9f54-4668-9235-60d3b76a4197.h5ad,14285
433,433,fc77d2ae-247d-44d7-aa24-3f4859254c2c,Cellular heterogeneity of human fallopian tubes in normal and hydrosalpinx disease states identified by scRNA-seq,10.1101/2021.09.16.460628,c6413315-7158-46c5-a5fd-7228385694f1,scRNA-seq analysis of healthy human fallopian tubes,c6413315-7158-46c5-a5fd-7228385694f1.h5ad,59738
434,434,fc77d2ae-247d-44d7-aa24-3f4859254c2c,Cellular heterogeneity of human fallopian tubes in normal and hydrosalpinx disease states identified by scRNA-seq,10.1101/2021.09.16.460628,b693123e-95e6-4331-8b50-f367489a767e,scRNA-seq analysis of human fallopian tubes in healthy Vs. hydrosalphinx states,b693123e-95e6-4331-8b50-f367489a767e.h5ad,77536
435,435,fc77d2ae-247d-44d7-aa24-3f4859254c2c,Cellular heterogeneity of human fallopian tubes in normal and hydrosalpinx disease states identified by scRNA-seq,10.1101/2021.09.16.460628,acf818eb-f6d2-42b9-bb1d-475aa9cff2bb,scRNA-seq analysis of ciliated cells of healthy human fallopian tubes,acf818eb-f6d2-42b9-bb1d-475aa9cff2bb.h5ad,2798
436,436,fc77d2ae-247d-44d7-aa24-3f4859254c2c,Cellular heterogeneity of human fallopian tubes in normal and hydrosalpinx disease states identified by scRNA-seq,10.1101/2021.09.16.460628,03c544fb-a103-4d18-9230-eae9cfee3af2,scRNA-seq analysis of stromal cells of healthy human fallopian tubes,03c544fb-a103-4d18-9230-eae9cfee3af2.h5ad,28691
445,445,ddfad306-714d-4cc0-9985-d9072820c530,Single-cell multi-omics analysis of the immune response in COVID-19,10.1038/s41591-021-01329-2,c7775e88-49bf-4ba2-a03b-93f00447c958,Single-cell multi-omics analysis of the immune response in COVID-19,c7775e88-49bf-4ba2-a03b-93f00447c958.h5ad,647366
447,447,436154da-bcf1-4130-9c8b-120ff9a888f2,Single-cell RNA-seq reveals the cell-type-specific molecular and genetic associations to lupus,10.1126/science.abf1970,218acb0f-9f2f-4f76-b90b-15a4b7c7f629,multiplexed scRNA-seq of 1.2 million PBMCs from adult lupus samples,218acb0f-9f2f-4f76-b90b-15a4b7c7f629.h5ad,1263676
448,448,af893e86-8e9f-41f1-a474-ef05359b1fb7,Single-cell transcriptomic atlas for adult human retina,10.2139/ssrn.3991078,0129dbd9-a7d3-4f6b-96b9-1da155a93748,All major cell types in adult human retina,0129dbd9-a7d3-4f6b-96b9-1da155a93748.h5ad,244474
449,449,af893e86-8e9f-41f1-a474-ef05359b1fb7,Single-cell transcriptomic atlas for adult human retina,10.2139/ssrn.3991078,ed419b4e-db9b-40f1-8593-68fdf8dfb076,Non-neuronal cells in human retina,ed419b4e-db9b-40f1-8593-68fdf8dfb076.h5ad,18011
450,450,af893e86-8e9f-41f1-a474-ef05359b1fb7,Single-cell transcriptomic atlas for adult human retina,10.2139/ssrn.3991078,aad97cb5-f375-45ef-ae9d-178e7f5d5180,Retinal ganglion cells in human retina,aad97cb5-f375-45ef-ae9d-178e7f5d5180.h5ad,11617
451,451,af893e86-8e9f-41f1-a474-ef05359b1fb7,Single-cell transcriptomic atlas for adult human retina,10.2139/ssrn.3991078,8f10185b-e0b3-46a5-8706-7f1799225d79,Bipolar cells in human retina,8f10185b-e0b3-46a5-8706-7f1799225d79.h5ad,53040
452,452,af893e86-8e9f-41f1-a474-ef05359b1fb7,Single-cell transcriptomic atlas for adult human retina,10.2139/ssrn.3991078,359f7af4-87d4-4117-9d6c-ca4cfa1f3f0b,Amacrine cells in human retina,359f7af4-87d4-4117-9d6c-ca4cfa1f3f0b.h5ad,56507
453,453,af893e86-8e9f-41f1-a474-ef05359b1fb7,Single-cell transcriptomic atlas for adult human retina,10.2139/ssrn.3991078,11ef37ee-2173-458e-aab8-7fe35da8e47b,Horizontal cells in human retina,11ef37ee-2173-458e-aab8-7fe35da8e47b.h5ad,7348
454,454,af893e86-8e9f-41f1-a474-ef05359b1fb7,Single-cell transcriptomic atlas for adult human retina,10.2139/ssrn.3991078,00e5dedd-b9b7-43be-8c28-b0e5c6414a62,Photoreceptor cells in human retina (rod cells downsampled),00e5dedd-b9b7-43be-8c28-b0e5c6414a62.h5ad,21422
456,456,625f6bf4-2f33-4942-962e-35243d284837,LungMAP â€” Human data from a broad age healthy donor group,10.7554/eLife.62522,3de0ad6d-4378-4f62-b37b-ec0b75a50d94,Single-cell multiomic profiling of human lungs across age groups,3de0ad6d-4378-4f62-b37b-ec0b75a50d94.h5ad,46500
461,461,fbc5881f-1ee3-4ffe-8095-35e15e1a08fc,Urethral luminal epithelia are castration-insensitive cells of the proximal prostate,10.1002/pros.24020,df287f8d-f50d-4620-ab96-489d559e6adc,Urethral luminal epithelia are castration-insensitive cells of the proximal prostate - Human Fibromuscular Stromal Cells,df287f8d-f50d-4620-ab96-489d559e6adc.h5ad,1295
462,462,fbc5881f-1ee3-4ffe-8095-35e15e1a08fc,Urethral luminal epithelia are castration-insensitive cells of the proximal prostate,10.1002/pros.24020,88c483bf-477d-4be5-90d3-4fb101dd601f,Urethral luminal epithelia are castration-insensitive cells of the proximal prostate - Human Epithelial Cells,88c483bf-477d-4be5-90d3-4fb101dd601f.h5ad,25186
463,463,fbc5881f-1ee3-4ffe-8095-35e15e1a08fc,Urethral luminal epithelia are castration-insensitive cells of the proximal prostate,10.1002/pros.24020,8b2e5453-faf7-46ea-9073-aea69b283cb7,Urethral luminal epithelia are castration-insensitive cells of the proximal prostate - All Human Cells,8b2e5453-faf7-46ea-9073-aea69b283cb7.h5ad,28847
467,467,4b54248f-2165-477c-a027-dd55082e8818,Single cell analysis of mouse and human prostate reveals novel fibroblasts with specialized distribution and microenvironment interactions,10.1002/path.5751,d3a83885-5198-4b04-8314-b753b66ef9a8,Single cell analysis of mouse and human prostate reveals novel fibroblasts with specialized distribution and microenvironment interactions - Human Leukocyte Cells,d3a83885-5198-4b04-8314-b753b66ef9a8.h5ad,19037
468,468,4b54248f-2165-477c-a027-dd55082e8818,Single cell analysis of mouse and human prostate reveals novel fibroblasts with specialized distribution and microenvironment interactions,10.1002/path.5751,5ba85070-a41c-4184-9c18-cf34c3fd0f62,Single cell analysis of mouse and human prostate reveals novel fibroblasts with specialized distribution and microenvironment interactions - Human Fibromuscular Stromal Cells,5ba85070-a41c-4184-9c18-cf34c3fd0f62.h5ad,10742
469,469,4b54248f-2165-477c-a027-dd55082e8818,Single cell analysis of mouse and human prostate reveals novel fibroblasts with specialized distribution and microenvironment interactions,10.1002/path.5751,dd018fc0-8da7-4033-a2ba-6b47de8ebb4f,Single cell analysis of mouse and human prostate reveals novel fibroblasts with specialized distribution and microenvironment interactions - Human Epithelial Cells,dd018fc0-8da7-4033-a2ba-6b47de8ebb4f.h5ad,42127
470,470,4b54248f-2165-477c-a027-dd55082e8818,Single cell analysis of mouse and human prostate reveals novel fibroblasts with specialized distribution and microenvironment interactions,10.1002/path.5751,574e9f9e-f8b4-41ef-bf19-89a9964fd9c7,Single cell analysis of mouse and human prostate reveals novel fibroblasts with specialized distribution and microenvironment interactions - All Human Cells,574e9f9e-f8b4-41ef-bf19-89a9964fd9c7.h5ad,83451
471,471,e2a4a67f-6a18-431a-ab9c-6e77dd31cc80,A Cellular Anatomy of the Normal Adult Human Prostate and Prostatic Urethra,10.1016/j.celrep.2018.11.086,ea426edb-4e86-4c53-ab17-5b952d94a31e,A Cellular Anatomy of the Normal Adult Human Prostate and Prostatic Urethra - Human Fibromuscular Stromal Cells,ea426edb-4e86-4c53-ab17-5b952d94a31e.h5ad,2113
472,472,e2a4a67f-6a18-431a-ab9c-6e77dd31cc80,A Cellular Anatomy of the Normal Adult Human Prostate and Prostatic Urethra,10.1016/j.celrep.2018.11.086,e2a3c32d-71e2-4f38-b19c-dfcb8729cf46,A Cellular Anatomy of the Normal Adult Human Prostate and Prostatic Urethra - Human Epithelial Cells,e2a3c32d-71e2-4f38-b19c-dfcb8729cf46.h5ad,24544
473,473,e2a4a67f-6a18-431a-ab9c-6e77dd31cc80,A Cellular Anatomy of the Normal Adult Human Prostate and Prostatic Urethra,10.1016/j.celrep.2018.11.086,c3fe3c1e-5bf8-4678-b74a-79899243ad41,A Cellular Anatomy of the Normal Adult Human Prostate and Prostatic Urethra - All Human Cells,c3fe3c1e-5bf8-4678-b74a-79899243ad41.h5ad,28702
475,475,e5f58829-1a66-40b5-a624-9046778e74f5,Tabula Sapiens,10.1126/science.abl4896,53d208b0-2cfd-4366-9866-c3c6114081bc,Tabula Sapiens - All Cells,53d208b0-2cfd-4366-9866-c3c6114081bc.h5ad,483152
476,476,e5f58829-1a66-40b5-a624-9046778e74f5,Tabula Sapiens,10.1126/science.abl4896,a68b64d8-aee3-4947-81b7-36b8fe5a44d2,Tabula Sapiens - Stromal,a68b64d8-aee3-4947-81b7-36b8fe5a44d2.h5ad,82478
477,477,e5f58829-1a66-40b5-a624-9046778e74f5,Tabula Sapiens,10.1126/science.abl4896,c5d88abe-f23a-45fa-a534-788985e93dad,Tabula Sapiens - Immune,c5d88abe-f23a-45fa-a534-788985e93dad.h5ad,264824
478,478,e5f58829-1a66-40b5-a624-9046778e74f5,Tabula Sapiens,10.1126/science.abl4896,5a11f879-d1ef-458a-910c-9b0bdfca5ebf,Tabula Sapiens - Endothelial,5a11f879-d1ef-458a-910c-9b0bdfca5ebf.h5ad,31691
479,479,e5f58829-1a66-40b5-a624-9046778e74f5,Tabula Sapiens,10.1126/science.abl4896,97a17473-e2b1-4f31-a544-44a60773e2dd,Tabula Sapiens - Epithelial,97a17473-e2b1-4f31-a544-44a60773e2dd.h5ad,104148
480,480,b9fc3d70-5a72-4479-a046-c2cc1ab19efc,A Web Portal and Workbench for Biological Dissection of Single Cell COVID-19 Host Responses,10.1016/j.isci.2021.103115,96a3f64b-0ee9-40d8-91e9-813ce38261c9,COVID-19 Immune Altas: Integration of 5 public COVID-19 PBMC single-cell datasets,96a3f64b-0ee9-40d8-91e9-813ce38261c9.h5ad,239696
481,481,2f75d249-1bec-459b-bf2b-b86221097ced,Azimuth meta-analysis of human scRNA-seq datasets,,f72958f5-7f42-4ebb-98da-445b0c6de516,Human - Lung v2 (HLCA),f72958f5-7f42-4ebb-98da-445b0c6de516.h5ad,584884
482,482,0a839c4b-10d0-4d64-9272-684c49a2c8ba,COVID-19 immune features revealed by a large-scale single-cell transcriptome atlas,10.1016/j.cell.2021.01.053,9dbab10c-118d-496b-966a-67f1763a6b7d,Large-scale single-cell analysis reveals critical immune characteristics of COVID-19 patients,9dbab10c-118d-496b-966a-67f1763a6b7d.h5ad,1462702
485,485,b953c942-f5d8-434f-9da7-e726ba7c1481,Single-soma transcriptomics of tangle-bearing neurons in Alzheimerâ€™s disease,10.1016/j.neuron.2022.06.021,85c60876-7f35-40c5-a256-7808d84c6ba5,Single-soma transcriptomics of tangle-bearing neurons in Alzheimerâ€™s disease - Excitatory,85c60876-7f35-40c5-a256-7808d84c6ba5.h5ad,96129
486,486,b953c942-f5d8-434f-9da7-e726ba7c1481,Single-soma transcriptomics of tangle-bearing neurons in Alzheimerâ€™s disease,10.1016/j.neuron.2022.06.021,9813a1d4-d107-459e-9b2e-7687be935f69,Single-soma transcriptomics of tangle-bearing neurons in Alzheimerâ€™s disease - Inhibitory,9813a1d4-d107-459e-9b2e-7687be935f69.h5ad,23197
487,487,db468083-041c-41ca-8f6f-bf991a070adf,Stress-induced RNAâ€“chromatin interactions promote endothelial dysfunction,10.1038/s41467-020-18957-w,42b6a476-c51d-4f8b-b68b-44941b3a11bf,scRNA-seq data analysis of endothelium-enriched mesenteric arterial tissues from human donors,42b6a476-c51d-4f8b-b68b-44941b3a11bf.h5ad,11243
488,488,c9706a92-0e5f-46c1-96d8-20e42467f287,A single-cell atlas of the healthy breast tissues reveals clinically relevant clusters of breast epithelial cells,10.1016/j.xcrm.2021.100219,de985818-285f-4f59-9dbd-d74968fddba3,A single-cell atlas of the healthy breast tissues reveals clinically relevant clusters of breast epithelial cells,de985818-285f-4f59-9dbd-d74968fddba3.h5ad,31696
508,508,ed9185e3-5b82-40c7-9824-b2141590c7f0,Time-resolved Systems Immunology Reveals a Late Juncture Linked to Fatal COVID-19,10.1016/j.cell.2021.02.018,30cd5311-6c09-46c9-94f1-71fe4b91813c,Time-resolved Systems Immunology Reveals a Late Juncture Linked to Fatal COVID-19: Innate Cells,30cd5311-6c09-46c9-94f1-71fe4b91813c.h5ad,125117
509,509,ed9185e3-5b82-40c7-9824-b2141590c7f0,Time-resolved Systems Immunology Reveals a Late Juncture Linked to Fatal COVID-19,10.1016/j.cell.2021.02.018,21d3e683-80a4-4d9b-bc89-ebb2df513dde,Time-resolved Systems Immunology Reveals a Late Juncture Linked to Fatal COVID-19: Adaptive Cells,21d3e683-80a4-4d9b-bc89-ebb2df513dde.h5ad,246964
511,511,51544e44-293b-4c2b-8c26-560678423380,Multiomics single-cell analysis of human pancreatic islets reveals novel cellular states in health and type 1 diabetes,10.1038/s42255-022-00531-x,37b21763-7f0f-41ae-9001-60bad6e2841d,Multiomics single-cell analysis of human pancreatic islets reveals novel cellular states in health and type 1 diabetes,37b21763-7f0f-41ae-9001-60bad6e2841d.h5ad,69645
531,531,24d42e5e-ce6d-45ff-a66b-a3b3b715deaf,Single-cell transcriptomics of human T cells reveals tissue and activation signatures in health and disease,10.1038/s41467-019-12464-3,01209dce-3575-4bed-b1df-129f57fbc031,Single-cell transcriptomics of human T cells reveals tissue and activation signatures in health and disease,01209dce-3575-4bed-b1df-129f57fbc031.h5ad,51876
562,562,b9fc3d70-5a72-4479-a046-c2cc1ab19efc,A Web Portal and Workbench for Biological Dissection of Single Cell COVID-19 Host Responses,10.1016/j.isci.2021.103115,bc2a7b3d-f04e-477e-96c9-9d5367d5425c,T Cell and NK Cell Subtypes of COVID-19 Immune Altas: Integration of 5 public COVID-19 PBMC single-cell datasets,bc2a7b3d-f04e-477e-96c9-9d5367d5425c.h5ad,109995
563,563,b9fc3d70-5a72-4479-a046-c2cc1ab19efc,A Web Portal and Workbench for Biological Dissection of Single Cell COVID-19 Host Responses,10.1016/j.isci.2021.103115,e763ed0d-0e5a-4b8e-9514-6da3d9e47956,Platelet sub_clusters of COVID-19 Immune Altas: Integration of 5 public COVID-19 PBMC single-cell datasets,e763ed0d-0e5a-4b8e-9514-6da3d9e47956.h5ad,7274
564,564,b9fc3d70-5a72-4479-a046-c2cc1ab19efc,A Web Portal and Workbench for Biological Dissection of Single Cell COVID-19 Host Responses,10.1016/j.isci.2021.103115,db0752b9-f20e-40b8-8997-992f3ae0bb2e,Classical Monocyte sub_clusters of COVID-19 Immune Altas: Integration of 5 public COVID-19 PBMC single-cell datasets,db0752b9-f20e-40b8-8997-992f3ae0bb2e.h5ad,55348
565,565,b9fc3d70-5a72-4479-a046-c2cc1ab19efc,A Web Portal and Workbench for Biological Dissection of Single Cell COVID-19 Host Responses,10.1016/j.isci.2021.103115,055ca631-6ffb-40de-815e-b931e10718c0,Individual Single-Cell RNA-seq PBMC Data from Wilk et al.,055ca631-6ffb-40de-815e-b931e10718c0.h5ad,41305
566,566,b9fc3d70-5a72-4479-a046-c2cc1ab19efc,A Web Portal and Workbench for Biological Dissection of Single Cell COVID-19 Host Responses,10.1016/j.isci.2021.103115,4c4cd77c-8fee-4836-9145-16562a8782fe,Individual Single-Cell RNA-seq PBMC Data from Lee et al.,4c4cd77c-8fee-4836-9145-16562a8782fe.h5ad,43512
567,567,b9fc3d70-5a72-4479-a046-c2cc1ab19efc,A Web Portal and Workbench for Biological Dissection of Single Cell COVID-19 Host Responses,10.1016/j.isci.2021.103115,d9b4bc69-ed90-4f5f-99b2-61b0681ba436,B Cell/Plasmablast Sub_clusters of COVID-19 Immune Altas: Integration of 5 public COVID-19 PBMC single-cell datasets,d9b4bc69-ed90-4f5f-99b2-61b0681ba436.h5ad,20000
568,568,b9fc3d70-5a72-4479-a046-c2cc1ab19efc,A Web Portal and Workbench for Biological Dissection of Single Cell COVID-19 Host Responses,10.1016/j.isci.2021.103115,59b69042-47c2-47fd-ad03-d21beb99818f,Individual Single-Cell RNA-seq PBMC Data from Arunachalam et al.,59b69042-47c2-47fd-ad03-d21beb99818f.h5ad,49139
572,572,9b02383a-9358-4f0f-9795-a891ec523bcc,Single cell transcriptional and chromatin accessibility profiling redefine cellular heterogeneity in the adult human kidney,10.1038/s41467-021-22368-w,9df60c57-fdf3-4e93-828e-fe9303f20438,Single cell transcriptional and chromatin accessibility profiling redefine cellular heterogeneity in the adult human kidney - RNAseq,9df60c57-fdf3-4e93-828e-fe9303f20438.h5ad,19985
573,573,367d95c0-0eb0-4dae-8276-9407239421ee,"Evolution of cellular diversity in primary motor cortex of human, marmoset monkey, and mouse",10.1038/s41586-021-03465-8,f7a068f1-0fdb-48e8-8029-db870ff11d9e,"Evolution of cellular diversity in primary motor cortex of human, marmoset monkey, and mouse 3-species integration inhibitory neurons",f7a068f1-0fdb-48e8-8029-db870ff11d9e.h5ad,10980
574,574,367d95c0-0eb0-4dae-8276-9407239421ee,"Evolution of cellular diversity in primary motor cortex of human, marmoset monkey, and mouse",10.1038/s41586-021-03465-8,9b686bb6-1427-4e13-b451-7ee961115cf9,"Evolution of cellular diversity in primary motor cortex of human, marmoset monkey, and mouse 3-species integration non-nuerons",9b686bb6-1427-4e13-b451-7ee961115cf9.h5ad,1705
575,575,367d95c0-0eb0-4dae-8276-9407239421ee,"Evolution of cellular diversity in primary motor cortex of human, marmoset monkey, and mouse",10.1038/s41586-021-03465-8,b6203114-e133-458a-aed5-eed1028378b4,"Evolution of cellular diversity in primary motor cortex of human, marmoset monkey, and mouse 3-species integration excitory neurons",b6203114-e133-458a-aed5-eed1028378b4.h5ad,7805
576,576,367d95c0-0eb0-4dae-8276-9407239421ee,"Evolution of cellular diversity in primary motor cortex of human, marmoset monkey, and mouse",10.1038/s41586-021-03465-8,6acb6637-ac08-4a65-b2d1-581e51dc7ccf,"Evolution of cellular diversity in primary motor cortex of human, marmoset monkey, and mouse 4-species integration excitory neurons",6acb6637-ac08-4a65-b2d1-581e51dc7ccf.h5ad,7805
589,589,a72afd53-ab92-4511-88da-252fb0e26b9a,Single-cell atlas of peripheral immune response to SARS-CoV-2 infection,10.1038/s41591-020-0944-y,456e8b9b-f872-488b-871d-94534090a865,Single-cell atlas of peripheral immune response to SARS-CoV-2 infection,456e8b9b-f872-488b-871d-94534090a865.h5ad,44721
590,590,38833785-fac5-48fd-944a-0f62a4c23ed1,Construction of a human cell landscape at single-cell level,10.1038/s41586-020-2157-4,2adb1f8a-a6b1-4909-8ee8-484814e2d4bf,Construction of a human cell landscape at single-cell level,2adb1f8a-a6b1-4909-8ee8-484814e2d4bf.h5ad,598266
591,591,5d445965-6f1a-4b68-ba3a-b8f765155d3a,A molecular cell atlas of the human lung from single cell RNA sequencing,10.1038/s41586-020-2922-4,e04daea4-4412-45b5-989e-76a9be070a89,"Krasnow Lab Human Lung Cell Atlas, Smart-seq2",e04daea4-4412-45b5-989e-76a9be070a89.h5ad,9409
592,592,5d445965-6f1a-4b68-ba3a-b8f765155d3a,A molecular cell atlas of the human lung from single cell RNA sequencing,10.1038/s41586-020-2922-4,8c42cfd0-0b0a-46d5-910c-fc833d83c45e,"Krasnow Lab Human Lung Cell Atlas, 10X",8c42cfd0-0b0a-46d5-910c-fc833d83c45e.h5ad,65662
