type,name,version,title,license,publisher,hubmap_id,doi
2d-ftu,asct-b-2d-models-crosswalk,v1.2,"Anatomical Structures, Cell Types and Biomarkers (ASCT+B) Tables to 2D Functional Tissue Unit (FTU) Reference Object Library Crosswalk",Creative Commons Attribution 4.0 International ([CC BY 4.0](https://creativecommons.org/licenses/by/4.0/)),HuBMAP,HBM565.DVKX.367,https://doi.org/10.48539/HBM565.DVKX.367
2d-ftu,asct-b-2d-models-mapping,v1.1,ASCT+B 2D FTU Mapping,Creative Commons Attribution 4.0 International ([CC BY 4.0](https://creativecommons.org/licenses/by/4.0/)),HuBMAP,HBM266.FLTT.686,https://doi.org/10.48539/HBM266.FLTT.686
2d-ftu,asctb-mapping,Mapping,ASCT+B 2D FTU,Creative Commons Attribution 4.0 International ([CC BY 4.0](https://creativecommons.org/licenses/by/4.0/)),HuBMAP,HBM984.MZSG.873,https://doi.org/10.48539/HBM984.MZSG.873
2d-ftu,kidney-ascending-thin-loop-of-henle,v1.0,2D Ascending Thin Limb of Loop of Henle FTU for Kidney,Creative Commons Attribution 4.0 International ([CC BY 4.0](https://creativecommons.org/licenses/by/4.0/)),HuBMAP,HBM252.GXZL.248,https://doi.org/10.48539/HBM252.GXZL.248
2d-ftu,kidney-cortical-collecting-duct,v1.0,2D Cortical Collecting Duct FTU for Kidney,Creative Commons Attribution 4.0 International ([CC BY 4.0](https://creativecommons.org/licenses/by/4.0/)),HuBMAP,HBM773.GJPC.954,https://doi.org/10.48539/HBM773.GJPC.954
2d-ftu,kidney-descending-thin-loop-of-henle,v1.0,2D Descending Thin Limb of Loop of Henle FTU for Kidney,Creative Commons Attribution 4.0 International ([CC BY 4.0](https://creativecommons.org/licenses/by/4.0/)),HuBMAP,HBM752.FQRT.755,https://doi.org/10.48539/HBM752.FQRT.755
2d-ftu,kidney-inner-medullary-collecting-duct,v1.0,2D Inner Medullary Collecting Duct FTU for Kidney,Creative Commons Attribution 4.0 International ([CC BY 4.0](https://creativecommons.org/licenses/by/4.0/)),HuBMAP,HBM835.WLXG.458,https://doi.org/10.48539/HBM835.WLXG.458
2d-ftu,kidney-nephron,v1.0,2D Nephron Functional Tissue Unit (FTU) for Kidney,Creative Commons Attribution 4.0 International ([CC BY 4.0](https://creativecommons.org/licenses/by/4.0/)),HuBMAP,HBM489.SGQZ.655,https://doi.org/10.48539/HBM489.SGQZ.655
2d-ftu,kidney-nephron,v1.1,2D Nephron Functional Tissue Unit (FTU) for Kidney,Creative Commons Attribution 4.0 International ([CC BY 4.0](https://creativecommons.org/licenses/by/4.0/)),HuBMAP,HBM868.LLHZ.223,https://doi.org/10.48539/HBM868.LLHZ.223
2d-ftu,kidney-outer-medullary-collecting-duct,v1.0,2D Outer Medullary Collecting Duct FTU for Kidney,Creative Commons Attribution 4.0 International ([CC BY 4.0](https://creativecommons.org/licenses/by/4.0/)),HuBMAP,HBM337.SZDB.254,https://doi.org/10.48539/HBM337.SZDB.254
2d-ftu,kidney-renal-corpuscle,v1.0,2D Renal Corpuscle Functional Tissue Unit (FTU) for Kidney,Creative Commons Attribution 4.0 International ([CC BY 4.0](https://creativecommons.org/licenses/by/4.0/)),HuBMAP,HBM395.LVFN.656,https://doi.org/10.48539/HBM395.LVFN.656
2d-ftu,kidney-renal-corpuscle,v1.1,2D Renal Corpuscle Functional Tissue Unit (FTU) for Kidney,Creative Commons Attribution 4.0 International ([CC BY 4.0](https://creativecommons.org/licenses/by/4.0/)),HuBMAP,HBM848.QQPG.278,https://doi.org/10.48539/HBM848.QQPG.278
2d-ftu,kidney-thick-ascending-loop-of-henle,v1.0,2D Thick Ascending Limb of Loop of Henle FTU for Kidney,Creative Commons Attribution 4.0 International ([CC BY 4.0](https://creativecommons.org/licenses/by/4.0/)),HuBMAP,HBM856.XGXM.529,https://doi.org/10.48539/HBM856.XGXM.529
2d-ftu,large-intestine-crypt-lieberkuhn,v1.0,2D Crypt of Lieberkuhn FTU for Large Intestine,Creative Commons Attribution 4.0 International ([CC BY 4.0](https://creativecommons.org/licenses/by/4.0/)),HuBMAP,HBM373.JRGS.542,https://doi.org/10.48539/HBM373.JRGS.542
2d-ftu,large-intestine-crypt-lieberkuhn,v1.1,2D Crypt of Lieberkuhn FTU for Large Intestine,Creative Commons Attribution 4.0 International ([CC BY 4.0](https://creativecommons.org/licenses/by/4.0/)),HuBMAP,HBM344.NWFX.797,https://doi.org/10.48539/HBM344.NWFX.797
2d-ftu,liver-liver-lobule,v1.0,2D Liver Lobule Functional Tissue Unit (FTU) for Liver,Creative Commons Attribution 4.0 International ([CC BY 4.0](https://creativecommons.org/licenses/by/4.0/)),HuBMAP,HBM692.KXMT.939,https://doi.org/10.48539/HBM692.KXMT.939
2d-ftu,liver-liver-lobule,v1.1,2D Liver Lobule Functional Tissue Unit (FTU) for Liver,Creative Commons Attribution 4.0 International ([CC BY 4.0](https://creativecommons.org/licenses/by/4.0/)),HuBMAP,HBM389.SXZQ.599,https://doi.org/10.48539/HBM389.SXZQ.599
2d-ftu,lung-bronchial-submucosal-gland,v1.0,2D Bronchial Submucosal Gland FTU for Lung,Creative Commons Attribution 4.0 International ([CC BY 4.0](https://creativecommons.org/licenses/by/4.0/)),HuBMAP,HBM438.ZJGP.747,https://doi.org/10.48539/HBM438.ZJGP.747
2d-ftu,lung-pulmonary-alveolus,v1.0,2D Pulmonary Alveolus Functional Tissue Unit (FTU) for Lung,Creative Commons Attribution 4.0 International ([CC BY 4.0](https://creativecommons.org/licenses/by/4.0/)),HuBMAP,HBM626.KZVN.453,https://doi.org/10.48539/HBM626.KZVN.453
2d-ftu,lung-pulmonary-alveolus,v1.1,2D Pulmonary Alveolus Functional Tissue Unit (FTU) for Lung,Creative Commons Attribution 4.0 International ([CC BY 4.0](https://creativecommons.org/licenses/by/4.0/)),HuBMAP,HBM638.QLQK.834,https://doi.org/10.48539/HBM638.QLQK.834
2d-ftu,pancreas-intercalated-duct,v1.0,2D Intercalated Duct FTU for Pancreas,Creative Commons Attribution 4.0 International ([CC BY 4.0](https://creativecommons.org/licenses/by/4.0/)),HuBMAP,HBM458.HKKL.976,https://doi.org/10.48539/HBM458.HKKL.976
2d-ftu,pancreas-islets-langerhans,v1.0,2D Islets of Langerhans FTU for Pancreas,Creative Commons Attribution 4.0 International ([CC BY 4.0](https://creativecommons.org/licenses/by/4.0/)),HuBMAP,HBM344.CNNH.639,https://doi.org/10.48539/HBM344.CNNH.639
2d-ftu,pancreas-islets-langerhans,v1.1,2D Islets of Langerhans FTU for Pancreas,Creative Commons Attribution 4.0 International ([CC BY 4.0](https://creativecommons.org/licenses/by/4.0/)),HuBMAP,HBM824.BJWG.292,https://doi.org/10.48539/HBM824.BJWG.292
2d-ftu,pancreas-pancreatic-acinus,v1.0,2D Acinus FTU for Pancreas,Creative Commons Attribution 4.0 International ([CC BY 4.0](https://creativecommons.org/licenses/by/4.0/)),HuBMAP,HBM627.NNCW.688,https://doi.org/10.48539/HBM627.NNCW.688
2d-ftu,prostate-prostate-glandular-acinus,v1.0,2D Prostate Glandular Acinus FTU for Prostate,Creative Commons Attribution 4.0 International ([CC BY 4.0](https://creativecommons.org/licenses/by/4.0/)),HuBMAP,HBM523.TDCH.662,https://doi.org/10.48539/HBM523.TDCH.662
2d-ftu,prostate-prostate-glandular-acinus,v1.1,2D Prostate Glandular Acinus FTU for Prostate,Creative Commons Attribution 4.0 International ([CC BY 4.0](https://creativecommons.org/licenses/by/4.0/)),HuBMAP,HBM873.RHXX.584,https://doi.org/10.48539/HBM873.RHXX.584
2d-ftu,skin-dermal-papilla,v1.0,2D Dermal Papilla FTU for Skin,Creative Commons Attribution 4.0 International ([CC BY 4.0](https://creativecommons.org/licenses/by/4.0/)),HuBMAP,HBM444.SLHZ.335,https://doi.org/10.48539/HBM444.SLHZ.335
2d-ftu,skin-epidermal-ridge,v1.0,2D Epidermal Ridge FTU for Skin,Creative Commons Attribution 4.0 International ([CC BY 4.0](https://creativecommons.org/licenses/by/4.0/)),HuBMAP,HBM532.WTMJ.494,https://doi.org/10.48539/HBM532.WTMJ.494
2d-ftu,spleen-red-pulp,v1.0,2D Red Pulp Functional Tissue Unit (FTU) for Spleen,Creative Commons Attribution 4.0 International ([CC BY 4.0](https://creativecommons.org/licenses/by/4.0/)),HuBMAP,HBM979.GWZM.292,https://doi.org/10.48539/HBM979.GWZM.292
2d-ftu,spleen-white-pulp,v1.0,2D White Pulp Functional Tissue Unit (FTU) for Spleen,Creative Commons Attribution 4.0 International ([CC BY 4.0](https://creativecommons.org/licenses/by/4.0/)),HuBMAP,HBM332.LMKD.869,https://doi.org/10.48539/HBM332.LMKD.869
2d-ftu,thymus-thymus-lobule,v1.0,2D Thymus Lobule Functional Tissue Unit (FTU) for Thymus,Creative Commons Attribution 4.0 International ([CC BY 4.0](https://creativecommons.org/licenses/by/4.0/)),HuBMAP,HBM794.PKVD.274,https://doi.org/10.48539/HBM794.PKVD.274
2d-ftu,thymus-thymus-lobule,v1.1,2D Thymus Lobule Functional Tissue Unit (FTU) for Thymus,Creative Commons Attribution 4.0 International ([CC BY 4.0](https://creativecommons.org/licenses/by/4.0/)),HuBMAP,HBM234.BXNR.636,https://doi.org/10.48539/HBM234.BXNR.636
asct-b,allen-brain,v1.3,"Anatomical Structures, Cell Types, plus Biomarkers (ASCT+B) table for Brain",Creative Commons Attribution 4.0 International ([CC BY 4.0](https://creativecommons.org/licenses/by/4.0/)),HuBMAP,HBM256.HGZN.489,https://doi.org/10.48539/HBM256.HGZN.489
asct-b,allen-brain,v1.4,"Anatomical Structures, Cell Types, plus Biomarkers (ASCT+B) table for Brain",Creative Commons Attribution 4.0 International ([CC BY 4.0](https://creativecommons.org/licenses/by/4.0/)),HuBMAP,HBM568.VJBK.732,https://doi.org/10.48539/HBM568.VJBK.732
asct-b,blood-pelvis,v1.0,"Anatomical Structures, Cell Types, plus Biomarkers (ASCT+B) table for Blood/Pelvis",Creative Commons Attribution 4.0 International ([CC BY 4.0](https://creativecommons.org/licenses/by/4.0/)),HuBMAP,HBM957.CKRV.896,https://doi.org/10.48539/HBM957.CKRV.896
asct-b,blood-pelvis,v1.1,"Anatomical Structures, Cell Types, plus Biomarkers (ASCT+B) table for Blood/Pelvis",Creative Commons Attribution 4.0 International ([CC BY 4.0](https://creativecommons.org/licenses/by/4.0/)),HuBMAP,HBM296.NBLN.233,https://doi.org/10.48539/HBM296.NBLN.233
asct-b,blood-pelvis,v1.3,"Anatomical Structures, Cell Types, plus Biomarkers (ASCT+B) table for Blood/Pelvis",Creative Commons Attribution 4.0 International ([CC BY 4.0](https://creativecommons.org/licenses/by/4.0/)),HuBMAP,HBM785.CGSG.458,https://doi.org/10.48539/HBM785.CGSG.458
asct-b,blood-vasculature-organ-crosswalk,v1.0,Blood Vasculature Organ Crosswalk,Creative Commons Attribution 4.0 International ([CC BY 4.0](https://creativecommons.org/licenses/by/4.0/)),HuBMAP,HBM577.MCCB.463,https://doi.org/10.48539/HBM577.MCCB.463
asct-b,blood-vasculature,v1.1,"Anatomical Structures, Cell Types, plus Biomarkers (ASCT+B) table for Blood Vasculature",Creative Commons Attribution 4.0 International ([CC BY 4.0](https://creativecommons.org/licenses/by/4.0/)),HuBMAP,HBM655.DGSW.887,https://doi.org/10.48539/HBM655.DGSW.887
asct-b,blood-vasculature,v1.2,"Anatomical Structures, Cell Types, plus Biomarkers (ASCT+B) table for Blood Vasculature",Creative Commons Attribution 4.0 International ([CC BY 4.0](https://creativecommons.org/licenses/by/4.0/)),HuBMAP,HBM954.HNGT.899,https://doi.org/10.48539/HBM954.HNGT.899
asct-b,blood-vasculature,v1.3,"Anatomical Structures, Cell Types, plus Biomarkers (ASCT+B) table for Blood Vasculature",Creative Commons Attribution 4.0 International ([CC BY 4.0](https://creativecommons.org/licenses/by/4.0/)),HuBMAP,HBM948.FMZR.475,https://doi.org/10.48539/HBM948.FMZR.475
asct-b,blood-vasculature,v1.4,"Anatomical Structures, Cell Types, plus Biomarkers (ASCT+B) table for Blood Vasculature",Creative Commons Attribution 4.0 International ([CC BY 4.0](https://creativecommons.org/licenses/by/4.0/)),HuBMAP,HBM279.CXVW.525,https://doi.org/10.48539/HBM279.CXVW.525
asct-b,bone-marrow-and-blood,v1.0,"Anatomical Structures, Cell Types, plus Biomarkers (ASCT+B) table for Bone Marrow and Blood/Pelvis",Creative Commons Attribution 4.0 International ([CC BY 4.0](https://creativecommons.org/licenses/by/4.0/)),HuBMAP,HBM963.TBFP.428,https://doi.org/10.48539/hbm963.tbfp.428
asct-b,bone-marrow-pelvis,v1.1,"Anatomical Structures, Cell Types, plus Biomarkers (ASCT+B) table for Bone Marrow/Pelvis",Creative Commons Attribution 4.0 International ([CC BY 4.0](https://creativecommons.org/licenses/by/4.0/)),HuBMAP,HBM692.WVQX.752,https://doi.org/10.48539/HBM692.WVQX.752
asct-b,bone-marrow-pelvis,v1.2,"Anatomical Structures, Cell Types, plus Biomarkers (ASCT+B) table for Bone Marrow/Pelvis",Creative Commons Attribution 4.0 International ([CC BY 4.0](https://creativecommons.org/licenses/by/4.0/)),HuBMAP,HBM449.NWVK.668,https://doi.org/10.48539/HBM449.NWVK.668
asct-b,bonemarrow-pelvis,v1.3,"Anatomical Structures, Cell Types, plus Biomarkers (ASCT+B) table for Bone Marrow/Pelvis",Creative Commons Attribution 4.0 International ([CC BY 4.0](https://creativecommons.org/licenses/by/4.0/)),HuBMAP,HBM846.XXGG.898,https://doi.org/10.48539/HBM846.XXGG.898
asct-b,brain,v1.0,"Anatomical Structures, Cell Types, plus Biomarkers (ASCT+B) table for Brain",Creative Commons Attribution 4.0 International ([CC BY 4.0](https://creativecommons.org/licenses/by/4.0/)),HuBMAP,HBM264.CCRF.525,https://doi.org/10.48539/hbm264.ccrf.525
asct-b,brain,v1.1,"Anatomical Structures, Cell Types, plus Biomarkers (ASCT+B) table for Brain",Creative Commons Attribution 4.0 International ([CC BY 4.0](https://creativecommons.org/licenses/by/4.0/)),HuBMAP,HBM477.RWSM.936,https://doi.org/10.48539/HBM477.RWSM.936
asct-b,brain,v1.2,"Anatomical Structures, Cell Types, plus Biomarkers (ASCT+B) table for Brain",Creative Commons Attribution 4.0 International ([CC BY 4.0](https://creativecommons.org/licenses/by/4.0/)),HuBMAP,HBM527.JQCW.377,https://doi.org/10.48539/HBM527.JQCW.377
asct-b,eye,v1.0,"Anatomical Structures, Cell Types, plus Biomarkers (ASCT+B) table for Eye",Creative Commons Attribution 4.0 International ([CC BY 4.0](https://creativecommons.org/licenses/by/4.0/)),HuBMAP,HBM369.RBVN.935,https://doi.org/10.48539/HBM369.RBVN.935
asct-b,eye,v1.1,"Anatomical Structures, Cell Types, plus Biomarkers (ASCT+B) table for Eye",Creative Commons Attribution 4.0 International ([CC BY 4.0](https://creativecommons.org/licenses/by/4.0/)),HuBMAP,HBM494.KLQK.628,https://doi.org/10.48539/HBM494.KLQK.628
asct-b,eye,v1.2,"Anatomical Structures, Cell Types, plus Biomarkers (ASCT+B) table for Eye",Creative Commons Attribution 4.0 International ([CC BY 4.0](https://creativecommons.org/licenses/by/4.0/)),HuBMAP,HBM762.WRRQ.394,https://doi.org/10.48539/HBM762.WRRQ.394
asct-b,eye,v1.3,"Anatomical Structures, Cell Types, plus Biomarkers (ASCT+B) table for Eye",Creative Commons Attribution 4.0 International ([CC BY 4.0](https://creativecommons.org/licenses/by/4.0/)),HuBMAP,HBM262.HRHH.693,https://doi.org/10.48539/HBM262.HRHH.693
asct-b,fallopian-tube,v1.0,"Anatomical Structures, Cell Types, plus Biomarkers (ASCT+B) table for Fallopian Tube",Creative Commons Attribution 4.0 International ([CC BY 4.0](https://creativecommons.org/licenses/by/4.0/)),HuBMAP,HBM579.XTKX.649,https://doi.org/10.48539/HBM579.XTKX.649
asct-b,fallopian-tube,v1.1,"Anatomical Structures, Cell Types, plus Biomarkers (ASCT+B) table for Fallopian Tube",Creative Commons Attribution 4.0 International ([CC BY 4.0](https://creativecommons.org/licenses/by/4.0/)),HuBMAP,HBM522.SVHM.477,https://doi.org/10.48539/HBM522.SVHM.477
asct-b,heart,v1.0,"Anatomical Structures, Cell Types, plus Biomarkers (ASCT+B) table for Heart",Creative Commons Attribution 4.0 International ([CC BY 4.0](https://creativecommons.org/licenses/by/4.0/)),HuBMAP,HBM873.NNVD.559,https://doi.org/10.48539/hbm873.nnvd.559
asct-b,heart,v1.1,"Anatomical Structures, Cell Types, plus Biomarkers (ASCT+B) table for Heart",Creative Commons Attribution 4.0 International ([CC BY 4.0](https://creativecommons.org/licenses/by/4.0/)),HuBMAP,HBM876.HSSQ.977,https://doi.org/10.48539/HBM876.HSSQ.977
asct-b,heart,v1.2,"Anatomical Structures, Cell Types, plus Biomarkers (ASCT+B) table for Heart",Creative Commons Attribution 4.0 International ([CC BY 4.0](https://creativecommons.org/licenses/by/4.0/)),HuBMAP,HBM877.BTSR.898,https://doi.org/10.48539/HBM877.BTSR.898
asct-b,intestine-large,v1.0,"Anatomical Structures, Cell Types, plus Biomarkers (ASCT+B) table for Intestine, Large",Creative Commons Attribution 4.0 International ([CC BY 4.0](https://creativecommons.org/licenses/by/4.0/)),HuBMAP,HBM287.KVCD.758,https://doi.org/10.48539/hbm287.kvcd.758
asct-b,kidney,v1.0,"Anatomical Structures, Cell Types, plus Biomarkers (ASCT+B) table for Kidney",Creative Commons Attribution 4.0 International ([CC BY 4.0](https://creativecommons.org/licenses/by/4.0/)),HuBMAP,HBM325.PTQS.258,https://doi.org/10.48539/hbm325.ptqs.258
asct-b,kidney,v1.1,"Anatomical Structures, Cell Types, plus Biomarkers (ASCT+B) table for Kidney",Creative Commons Attribution 4.0 International ([CC BY 4.0](https://creativecommons.org/licenses/by/4.0/)),HuBMAP,HBM673.ZZDK.622,https://doi.org/10.48539/HBM673.ZZDK.622
asct-b,kidney,v1.2,"Anatomical Structures, Cell Types, plus Biomarkers (ASCT+B) table for Kidney",Creative Commons Attribution 4.0 International ([CC BY 4.0](https://creativecommons.org/licenses/by/4.0/)),HuBMAP,HBM248.CBJV.556,https://doi.org/10.48539/HBM248.CBJV.556
asct-b,kidney,v1.3,"Anatomical Structures, Cell Types, plus Biomarkers (ASCT+B) table for Kidney",Creative Commons Attribution 4.0 International ([CC BY 4.0](https://creativecommons.org/licenses/by/4.0/)),HuBMAP,HBM944.SVLH.825,https://doi.org/10.48539/HBM944.SVLH.825
asct-b,knee,v1.0,"Anatomical Structures, Cell Types, plus Biomarkers (ASCT+B) table for Knee",Creative Commons Attribution 4.0 International ([CC BY 4.0](https://creativecommons.org/licenses/by/4.0/)),HuBMAP,HBM533.JRGW.354,https://doi.org/10.48539/HBM533.JRGW.354
asct-b,knee,v1.1,"Anatomical Structures, Cell Types, plus Biomarkers (ASCT+B) table for Knee",Creative Commons Attribution 4.0 International ([CC BY 4.0](https://creativecommons.org/licenses/by/4.0/)),HuBMAP,HBM433.MCBL.623,https://doi.org/10.48539/HBM433.MCBL.623
asct-b,large-intestine,v1.1,"Anatomical Structures, Cell Types, plus Biomarkers (ASCT+B) table for Large Intestine",Creative Commons Attribution 4.0 International ([CC BY 4.0](https://creativecommons.org/licenses/by/4.0/)),HuBMAP,HBM325.NZPB.589,https://doi.org/10.48539/HBM325.NZPB.589
asct-b,large-intestine,v1.2,"Anatomical Structures, Cell Types, plus Biomarkers (ASCT+B) table for Large Intestine",Creative Commons Attribution 4.0 International ([CC BY 4.0](https://creativecommons.org/licenses/by/4.0/)),HuBMAP,HBM494.RRLD.598,https://doi.org/10.48539/HBM494.RRLD.598
asct-b,large-intestine,v1.3,"Anatomical Structures, Cell Types, plus Biomarkers (ASCT+B) table for Large Intestine",Creative Commons Attribution 4.0 International ([CC BY 4.0](https://creativecommons.org/licenses/by/4.0/)),HuBMAP,HBM243.ZZGL.262,https://doi.org/10.48539/HBM243.ZZGL.262
asct-b,liver,v1.0,"Anatomical Structures, Cell Types, plus Biomarkers (ASCT+B) table for Liver",Creative Commons Attribution 4.0 International ([CC BY 4.0](https://creativecommons.org/licenses/by/4.0/)),HuBMAP,HBM476.BQCC.574,https://doi.org/10.48539/HBM476.BQCC.574
asct-b,liver,v1.1,"Anatomical Structures, Cell Types, plus Biomarkers (ASCT+B) table for Liver",Creative Commons Attribution 4.0 International ([CC BY 4.0](https://creativecommons.org/licenses/by/4.0/)),HuBMAP,HBM456.SLDZ.399,https://doi.org/10.48539/HBM456.SLDZ.399
asct-b,lung,v1.0,"Anatomical Structures, Cell Types, plus Biomarkers (ASCT+B) table for Lung",Creative Commons Attribution 4.0 International ([CC BY 4.0](https://creativecommons.org/licenses/by/4.0/)),HuBMAP,HBM868.DWJZ.874,https://doi.org/10.48539/hbm868.dwjz.874
asct-b,lung,v1.1,"Anatomical Structures, Cell Types, plus Biomarkers (ASCT+B) table for Lung",Creative Commons Attribution 4.0 International ([CC BY 4.0](https://creativecommons.org/licenses/by/4.0/)),HuBMAP,HBM323.SGDF.945,https://doi.org/10.48539/HBM323.SGDF.945
asct-b,lung,v1.2,"Anatomical Structures, Cell Types, plus Biomarkers (ASCT+B) table for Lung",Creative Commons Attribution 4.0 International ([CC BY 4.0](https://creativecommons.org/licenses/by/4.0/)),HuBMAP,HBM396.QVLQ.449,https://doi.org/10.48539/HBM396.QVLQ.449
asct-b,lung,v1.3,"Anatomical Structures, Cell Types, plus Biomarkers (ASCT+B) table for Lung",Creative Commons Attribution 4.0 International ([CC BY 4.0](https://creativecommons.org/licenses/by/4.0/)),HuBMAP,HBM496.MNTH.952,https://doi.org/10.48539/HBM496.MNTH.952
asct-b,lymph-node,v1.0,"Anatomical Structures, Cell Types, plus Biomarkers (ASCT+B) table for Lymph Node",Creative Commons Attribution 4.0 International ([CC BY 4.0](https://creativecommons.org/licenses/by/4.0/)),HuBMAP,HBM375.LMPC.837,https://doi.org/10.48539/hbm375.lmpc.837
asct-b,lymph-node,v1.1,"Anatomical Structures, Cell Types, plus Biomarkers (ASCT+B) table for Lymph Node",Creative Commons Attribution 4.0 International ([CC BY 4.0](https://creativecommons.org/licenses/by/4.0/)),HuBMAP,HBM573.SHCQ.259,https://doi.org/10.48539/HBM573.SHCQ.259
asct-b,lymph-node,v1.2,"Anatomical Structures, Cell Types, plus Biomarkers (ASCT+B) table for Lymph Node",Creative Commons Attribution 4.0 International ([CC BY 4.0](https://creativecommons.org/licenses/by/4.0/)),HuBMAP,HBM437.JQVC.953,https://doi.org/10.48539/HBM437.JQVC.953
asct-b,lymph-vasculature,v1.0,"Anatomical Structures, Cell Types, plus Biomarkers (ASCT+B) table for Lymph Vasculature",Creative Commons Attribution 4.0 International ([CC BY 4.0](https://creativecommons.org/licenses/by/4.0/)),HuBMAP,HBM559.TDMB.283,https://doi.org/10.48539/HBM559.TDMB.283
asct-b,lymph-vasculature,v1.1,"Anatomical Structures, Cell Types, plus Biomarkers (ASCT+B) table for Lymph Vasculature",Creative Commons Attribution 4.0 International ([CC BY 4.0](https://creativecommons.org/licenses/by/4.0/)),HuBMAP,HBM577.JGGH.294,https://doi.org/10.48539/HBM577.JGGH.294
asct-b,lymph-vasculature,v1.2,"Anatomical Structures, Cell Types, plus Biomarkers (ASCT+B) table for Lymph Vasculature",Creative Commons Attribution 4.0 International ([CC BY 4.0](https://creativecommons.org/licenses/by/4.0/)),HuBMAP,HBM469.NHVB.448,https://doi.org/10.48539/HBM469.NHVB.448
asct-b,lymph-vasculature,v1.3,"Anatomical Structures, Cell Types, plus Biomarkers (ASCT+B) table for Lymph Vasculature",Creative Commons Attribution 4.0 International ([CC BY 4.0](https://creativecommons.org/licenses/by/4.0/)),HuBMAP,HBM738.GKLM.876,https://doi.org/10.48539/HBM738.GKLM.876
asct-b,main-bronchus,v1.0,"Anatomical Structures, Cell Types, plus Biomarkers (ASCT+B) table for Main Bronchus",Creative Commons Attribution 4.0 International ([CC BY 4.0](https://creativecommons.org/licenses/by/4.0/)),HuBMAP,HBM928.WTVJ.677,https://doi.org/10.48539/HBM928.WTVJ.677
asct-b,muscular-system,v1.0,"Anatomical Structures, Cell Types, plus Biomarkers (ASCT+B) table for Muscular System",Creative Commons Attribution 4.0 International ([CC BY 4.0](https://creativecommons.org/licenses/by/4.0/)),HuBMAP,HBM944.CLLD.594,https://doi.org/10.48539/HBM944.CLLD.594
asct-b,ovary,v1.0,"Anatomical Structures, Cell Types, plus Biomarkers (ASCT+B) table for Ovary",Creative Commons Attribution 4.0 International ([CC BY 4.0](https://creativecommons.org/licenses/by/4.0/)),HuBMAP,HBM643.BVHM.572,https://doi.org/10.48539/HBM643.BVHM.572
asct-b,ovary,v1.1,"Anatomical Structures, Cell Types, plus Biomarkers (ASCT+B) table for Ovary",Creative Commons Attribution 4.0 International ([CC BY 4.0](https://creativecommons.org/licenses/by/4.0/)),HuBMAP,HBM825.SJZF.445,https://doi.org/10.48539/HBM825.SJZF.445
asct-b,ovary,v1.2,"Anatomical Structures, Cell Types, plus Biomarkers (ASCT+B) table for Ovary",Creative Commons Attribution 4.0 International ([CC BY 4.0](https://creativecommons.org/licenses/by/4.0/)),HuBMAP,HBM878.KBTH.462,https://doi.org/10.48539/HBM878.KBTH.462
asct-b,pancreas,v1.0,"Anatomical Structures, Cell Types, plus Biomarkers (ASCT+B) table for Pancreas",Creative Commons Attribution 4.0 International ([CC BY 4.0](https://creativecommons.org/licenses/by/4.0/)),HuBMAP,HBM332.TMXM.592,https://doi.org/10.48539/HBM332.TMXM.592
asct-b,pancreas,v1.1,"Anatomical Structures, Cell Types, plus Biomarkers (ASCT+B) table for Pancreas",Creative Commons Attribution 4.0 International ([CC BY 4.0](https://creativecommons.org/licenses/by/4.0/)),HuBMAP,HBM557.XHHV.557,https://doi.org/10.48539/HBM557.XHHV.557
asct-b,pancreas,v1.2,"Anatomical Structures, Cell Types, plus Biomarkers (ASCT+B) table for Pancreas",Creative Commons Attribution 4.0 International ([CC BY 4.0](https://creativecommons.org/licenses/by/4.0/)),HuBMAP,HBM975.BBTF.393,https://doi.org/10.48539/HBM975.BBTF.393
asct-b,peripheral-nervous-system,v1.0,"Anatomical Structures, Cell Types, plus Biomarkers (ASCT+B) table for Peripheral Nervous System",Creative Commons Attribution 4.0 International ([CC BY 4.0](https://creativecommons.org/licenses/by/4.0/)),HuBMAP,HBM462.NJKR.937,https://doi.org/10.48539/HBM462.NJKR.937
asct-b,placenta-full-term,v1.0,"Anatomical Structures, Cell Types, plus Biomarkers (ASCT+B) table for Placenta Full Term",Creative Commons Attribution 4.0 International ([CC BY 4.0](https://creativecommons.org/licenses/by/4.0/)),HuBMAP,HBM446.WGLG.755,https://doi.org/10.48539/HBM446.WGLG.755
asct-b,prostate,v1.0,"Anatomical Structures, Cell Types, plus Biomarkers (ASCT+B) table for Prostate",Creative Commons Attribution 4.0 International ([CC BY 4.0](https://creativecommons.org/licenses/by/4.0/)),HuBMAP,HBM835.WCGP.479,https://doi.org/10.48539/HBM835.WCGP.479
asct-b,skeleton,v1.0,"Anatomical Structures, Cell Types, plus Biomarkers (ASCT+B) table for Skeleton",Creative Commons Attribution 4.0 International ([CC BY 4.0](https://creativecommons.org/licenses/by/4.0/)),HuBMAP,HBM233.TRCP.638,https://doi.org/10.48539/HBM233.TRCP.638
asct-b,skin,v1.0,"Anatomical Structures, Cell Types, plus Biomarkers (ASCT+B) table for Skin",Creative Commons Attribution 4.0 International ([CC BY 4.0](https://creativecommons.org/licenses/by/4.0/)),HuBMAP,HBM227.WHPG.367,https://doi.org/10.48539/hbm227.whpg.367
asct-b,skin,v1.1,"Anatomical Structures, Cell Types, plus Biomarkers (ASCT+B) table for Skin",Creative Commons Attribution 4.0 International ([CC BY 4.0](https://creativecommons.org/licenses/by/4.0/)),HuBMAP,HBM423.RTRR.746,https://doi.org/10.48539/HBM423.RTRR.746
asct-b,skin,v1.2,"Anatomical Structures, Cell Types, plus Biomarkers (ASCT+B) table for Skin",Creative Commons Attribution 4.0 International ([CC BY 4.0](https://creativecommons.org/licenses/by/4.0/)),HuBMAP,HBM725.JHNS.532,https://doi.org/10.48539/HBM725.JHNS.532
asct-b,small-intestine,v1.0,"Anatomical Structures, Cell Types, plus Biomarkers (ASCT+B) table for Small Intestine",Creative Commons Attribution 4.0 International ([CC BY 4.0](https://creativecommons.org/licenses/by/4.0/)),HuBMAP,HBM736.PJQV.368,https://doi.org/10.48539/HBM736.PJQV.368
asct-b,small-intestine,v1.1,"Anatomical Structures, Cell Types, plus Biomarkers (ASCT+B) table for Small Intestine",Creative Commons Attribution 4.0 International ([CC BY 4.0](https://creativecommons.org/licenses/by/4.0/)),HuBMAP,HBM934.NJHF.526,https://doi.org/10.48539/HBM934.NJHF.526
asct-b,spinal-cord,v1.0,"Anatomical Structures, Cell Types, plus Biomarkers (ASCT+B) table for Spinal Cord",Creative Commons Attribution 4.0 International ([CC BY 4.0](https://creativecommons.org/licenses/by/4.0/)),HuBMAP,HBM869.WZFK.485,https://doi.org/10.48539/HBM869.WZFK.485
asct-b,spleen,v1.0,"Anatomical Structures, Cell Types, plus Biomarkers (ASCT+B) table for Spleen",Creative Commons Attribution 4.0 International ([CC BY 4.0](https://creativecommons.org/licenses/by/4.0/)),HuBMAP,HBM625.VPLJ.455,https://doi.org/10.48539/hbm625.vplj.455
asct-b,spleen,v1.1,"Anatomical Structures, Cell Types, plus Biomarkers (ASCT+B) table for Spleen",Creative Commons Attribution 4.0 International ([CC BY 4.0](https://creativecommons.org/licenses/by/4.0/)),HuBMAP,HBM582.WJWX.929,https://doi.org/10.48539/HBM582.WJWX.929
asct-b,spleen,v1.2,"Anatomical Structures, Cell Types, plus Biomarkers (ASCT+B) table for Spleen",Creative Commons Attribution 4.0 International ([CC BY 4.0](https://creativecommons.org/licenses/by/4.0/)),HuBMAP,HBM772.KBNQ.742,https://doi.org/10.48539/HBM772.KBNQ.742
asct-b,spleen,v1.3,"Anatomical Structures, Cell Types, plus Biomarkers (ASCT+B) table for Spleen",Creative Commons Attribution 4.0 International ([CC BY 4.0](https://creativecommons.org/licenses/by/4.0/)),HuBMAP,HBM763.QFRB.477,https://doi.org/10.48539/HBM763.QFRB.477
asct-b,thymus,v1.0,"Anatomical Structures, Cell Types, plus Biomarkers (ASCT+B) table for Thymus",Creative Commons Attribution 4.0 International ([CC BY 4.0](https://creativecommons.org/licenses/by/4.0/)),HuBMAP,HBM934.JMVN.957,https://doi.org/10.48539/hbm934.jmvn.957
asct-b,thymus,v1.1,"Anatomical Structures, Cell Types, plus Biomarkers (ASCT+B) table for Thymus",Creative Commons Attribution 4.0 International ([CC BY 4.0](https://creativecommons.org/licenses/by/4.0/)),HuBMAP,HBM392.LPKF.942,https://doi.org/10.48539/HBM392.LPKF.942
asct-b,thymus,v1.2,"Anatomical Structures, Cell Types, plus Biomarkers (ASCT+B) table for Thymus",Creative Commons Attribution 4.0 International ([CC BY 4.0](https://creativecommons.org/licenses/by/4.0/)),HuBMAP,HBM284.RFDC.542,https://doi.org/10.48539/HBM284.RFDC.542
asct-b,thymus,v1.3,"Anatomical Structures, Cell Types, plus Biomarkers (ASCT+B) table for Thymus",Creative Commons Attribution 4.0 International ([CC BY 4.0](https://creativecommons.org/licenses/by/4.0/)),HuBMAP,HBM375.BJGD.993,https://doi.org/10.48539/HBM375.BJGD.993
asct-b,trachea,v1.0,"Anatomical Structures, Cell Types, plus Biomarkers (ASCT+B) table for Trachea",Creative Commons Attribution 4.0 International ([CC BY 4.0](https://creativecommons.org/licenses/by/4.0/)),HuBMAP,HBM245.PWLJ.489,https://doi.org/10.48539/HBM245.PWLJ.489
asct-b,ureter,v1.0,"Anatomical Structures, Cell Types, plus Biomarkers (ASCT+B) table for Ureter",Creative Commons Attribution 4.0 International ([CC BY 4.0](https://creativecommons.org/licenses/by/4.0/)),HuBMAP,HBM882.LRSF.394,https://doi.org/10.48539/HBM882.LRSF.394
asct-b,urinary-bladder,v1.0,"Anatomical Structures, Cell Types, plus Biomarkers (ASCT+B) table for Urinary Bladder",Creative Commons Attribution 4.0 International ([CC BY 4.0](https://creativecommons.org/licenses/by/4.0/)),HuBMAP,HBM546.CKGW.888,https://doi.org/10.48539/HBM546.CKGW.888
asct-b,uterus,v1.0,"Anatomical Structures, Cell Types, plus Biomarkers (ASCT+B) table for Uterus",Creative Commons Attribution 4.0 International ([CC BY 4.0](https://creativecommons.org/licenses/by/4.0/)),HuBMAP,HBM265.DQZW.372,https://doi.org/10.48539/HBM265.DQZW.372
asct-b,uterus,v1.1,"Anatomical Structures, Cell Types, plus Biomarkers (ASCT+B) table for Uterus",Creative Commons Attribution 4.0 International ([CC BY 4.0](https://creativecommons.org/licenses/by/4.0/)),HuBMAP,HBM866.BCMC.625,https://doi.org/10.48539/HBM866.BCMC.625
asct-b,vasculature,v1.0,"Anatomical Structures, Cell Types, plus Biomarkers (ASCT+B) table for Vasculature",Creative Commons Attribution 4.0 International ([CC BY 4.0](https://creativecommons.org/licenses/by/4.0/)),HuBMAP,HBM426.GZPN.888,https://doi.org/10.48539/hbm426.gzpn.888
omap,1-human-lymph-node-ibex,v1.2,OMAP-1 Organ Mapping Antibody Panel (OMAP) for Multiplexed Antibody-Based Imaging of Human Lymph Node with IBEX,Creative Commons Attribution 4.0 International ([CC BY 4.0](https://creativecommons.org/licenses/by/4.0/)),HuBMAP,HBM674.DJKV.876,https://doi.org/10.48539/HBM674.DJKV.876
omap,1-human-lymph-node-ibex,v1.3,OMAP-1 Organ Mapping Antibody Panel (OMAP) for Multiplexed Antibody-Based Imaging of Human Lymph Node with IBEX,Creative Commons Attribution 4.0 International ([CC BY 4.0](https://creativecommons.org/licenses/by/4.0/)),HuBMAP,HBM458.NSWR.957,https://doi.org/10.48539/HBM458.NSWR.957
omap,10-palatine-tonsil-macsima,v1.0,OMAP-10: Multiplexed Antibody-Based Imaging of Human Palatine Tonsil with MACSima,Creative Commons Attribution 4.0 International ([CC BY 4.0](https://creativecommons.org/licenses/by/4.0/)),HuBMAP,HBM663.JJMJ.628,https://doi.org/10.48539/HBM663.JJMJ.628
omap,11-spleen-ibex,v1.0,OMAP-11: Organ Mapping Antibody Panel (OMAP) for Multiplexed Antibody-Based Imaging of Human Spleen with IBEX,Creative Commons Attribution 4.0 International ([CC BY 4.0](https://creativecommons.org/licenses/by/4.0/)),HuBMAP,HBM957.RHVB.545,https://doi.org/10.48539/HBM957.RHVB.545
omap,12-eye-retina-ibex,v1.0,OMAP-12: Organ Mapping Antibody Panel (OMAP) for Multiplexed Antibody-Based Imaging of Human Retina with IBEX,Creative Commons Attribution 4.0 International ([CC BY 4.0](https://creativecommons.org/licenses/by/4.0/)),HuBMAP,HBM979.RCXH.454,https://doi.org/10.48539/HBM979.RCXH.454
omap,13-pancreas-codex,v1.0,OMAP-13: Organ Mapping Antibody Panel (OMAP) for Multiplexed Antibody-Based Imaging of Human Pancreas with CODEX,Creative Commons Attribution 4.0 International ([CC BY 4.0](https://creativecommons.org/licenses/by/4.0/)),HuBMAP,HBM754.BHVR.258,https://doi.org/10.48539/HBM754.BHVR.258
omap,2-intestine-codex,v1.1,OMAP-2 Organ Mapping Antibody Panel (OMAP) for Multiplexed Antibody-Based Imaging of Human Intestine with CODEX,Creative Commons Attribution 4.0 International ([CC BY 4.0](https://creativecommons.org/licenses/by/4.0/)),HuBMAP,HBM794.CSBJ.358,https://doi.org/10.48539/HBM794.CSBJ.358
omap,2-intestine-codex,v1.2,OMAP-2 Organ Mapping Antibody Panel (OMAP) for Multiplexed Antibody-Based Imaging of Human Intestines with CODEX,Creative Commons Attribution 4.0 International ([CC BY 4.0](https://creativecommons.org/licenses/by/4.0/)),HuBMAP,HBM783.TQTD.539,https://doi.org/10.48539/HBM783.TQTD.539
omap,3-kidney-codex,v1.1,OMAP-3 Organ Mapping Antibody Panel (OMAP)  for Multiplexed Antibody-Based Imaging of Kidney with CODEX,Creative Commons Attribution 4.0 International ([CC BY 4.0](https://creativecommons.org/licenses/by/4.0/)),HuBMAP,HBM568.RMZB.377,https://doi.org/10.48539/HBM568.RMZB.377
omap,3-kidney-codex,v1.2,OMAP-3 Organ Mapping Antibody Panel (OMAP)  for Multiplexed Antibody-Based Imaging of Kidney with CODEX,Creative Commons Attribution 4.0 International ([CC BY 4.0](https://creativecommons.org/licenses/by/4.0/)),HuBMAP,HBM953.VJHK.452,https://doi.org/10.48539/HBM953.VJHK.452
omap,4-skin-cell-dive,v1.1,OMAP-4  Organ Mapping Antibody Panel (OMAP) for Multiplexed Antibody-Based Imaging of Human Skin with Cell DIVE,Creative Commons Attribution 4.0 International ([CC BY 4.0](https://creativecommons.org/licenses/by/4.0/)),HuBMAP,HBM577.SBHH.454,https://doi.org/10.48539/HBM577.SBHH.454
omap,4-skin-cell-dive,v1.2,OMAP-4  Organ Mapping Antibody Panel (OMAP) for Multiplexed Antibody-Based Imaging of Human Skin with Cell DIVE,Creative Commons Attribution 4.0 International ([CC BY 4.0](https://creativecommons.org/licenses/by/4.0/)),HuBMAP,HBM459.SRBX.598,https://doi.org/10.48539/HBM459.SRBX.598
omap,5-liver-sims,v1.1,OMAP-5 Organ Mapping Antibody Panel (OMAP)  for Multiplexed Antibody-Based Imaging of Human Liver with SIMS,Creative Commons Attribution 4.0 International ([CC BY 4.0](https://creativecommons.org/licenses/by/4.0/)),HuBMAP,HBM495.QBSV.777,https://doi.org/10.48539/HBM495.QBSV.777
omap,5-liver-sims,v1.2,OMAP-5 Organ Mapping Antibody Panel (OMAP)  for Multiplexed Antibody-Based Imaging of Human Liver with SIMS,Creative Commons Attribution 4.0 International ([CC BY 4.0](https://creativecommons.org/licenses/by/4.0/)),HuBMAP,HBM749.LTHX.952,https://doi.org/10.48539/HBM749.LTHX.952 
omap,6-pancreas-codex,v1.1,OMAP-6  Organ Mapping Antibody Panel (OMAP) for Multiplexed Antibody-Based Imaging of Human Pancreas with CODEX,Creative Commons Attribution 4.0 International ([CC BY 4.0](https://creativecommons.org/licenses/by/4.0/)),HuBMAP,HBM868.XLTM.922,https://doi.org/10.48539/HBM868.XLTM.922
omap,6-pancreas-codex,v1.2,OMAP-6  Organ Mapping Antibody Panel (OMAP) for Multiplexed Antibody-Based Imaging of Human Pancreas with CODEX,Creative Commons Attribution 4.0 International ([CC BY 4.0](https://creativecommons.org/licenses/by/4.0/)),HuBMAP,HBM948.XLMZ.833,https://doi.org/10.48539/HBM948.XLMZ.833 
omap,7-lung-cell-dive,v1.1,OMAP-7 Organ Mapping Antibody Panel (OMAP) for Multiplexed Antibody-Based Imaging of Human Lung with Cell DIVE,Creative Commons Attribution 4.0 International ([CC BY 4.0](https://creativecommons.org/licenses/by/4.0/)),HuBMAP,HBM972.WHPW.455,https://doi.org/10.48539/HBM972.WHPW.455
omap,7-lung-cell-dive,v1.2,OMAP-7 Organ Mapping Antibody Panel (OMAP) for Multiplexed Antibody-Based Imaging of Human Lung with Cell DIVE,Creative Commons Attribution 4.0 International ([CC BY 4.0](https://creativecommons.org/licenses/by/4.0/)),HuBMAP,HBM933.MRZD.495,https://doi.org/10.48539/HBM933.MRZD.495
omap,8-placenta-full-term-imc,v1.0,OMAP-8: Organ Mapping Antibody Panel (OMAP) for Multiplexed Antibody-Based Imaging of Placenta with Imaging Mass Cytometry (IMC),Creative Commons Attribution 4.0 International ([CC BY 4.0](https://creativecommons.org/licenses/by/4.0/)),HuBMAP,HBM375.WFJN.332,https://doi.org/10.48539/HBM375.WFJN.332 
omap,9-kidney-codex,v1.0,OMAP-9: Organ Mapping Antibody Panel (OMAP) for Multiplexed Antibody-Based Imaging of Human Kidney with CODEX,Creative Commons Attribution 4.0 International ([CC BY 4.0](https://creativecommons.org/licenses/by/4.0/)),HuBMAP,HBM874.KNMC.899,https://doi.org/10.48539/HBM874.KNMC.899 
omap,intestines-codex,v1.0,Organ Mapping Antibody Panel (OMAP) for Multiplexed Antibody-Based Imaging of Human Intestine with CODEX,Creative Commons Attribution 4.0 International ([CC BY 4.0](https://creativecommons.org/licenses/by/4.0/)),HuBMAP,HBM373.HQCB.363,https://doi.org/10.48539/HBM373.HQCB.363
omap,kidney-codex,v1.0,Organ Mapping Antibody Panel (OMAP)  for Multiplexed Antibody-Based Imaging of Kidney with CODEX,Creative Commons Attribution 4.0 International ([CC BY 4.0](https://creativecommons.org/licenses/by/4.0/)),HuBMAP,HBM373.TBKP.375,https://doi.org/10.48539/HBM373.TBKP.375
omap,liver-sim,v1.0,Organ Mapping Antibody Panel (OMAP)  for Multiplexed Antibody-Based Imaging of Human Liver with SIMS,Creative Commons Attribution 4.0 International ([CC BY 4.0](https://creativecommons.org/licenses/by/4.0/)),HuBMAP,HBM279.BTBC.847,https://doi.org/10.48539/HBM279.BTBC.847
omap,lung-celldive,v1.0,Organ Mapping Antibody Panel (OMAP) for Multiplexed Antibody-Based Imaging of Human Lung with Cell DIVE,Creative Commons Attribution 4.0 International ([CC BY 4.0](https://creativecommons.org/licenses/by/4.0/)),HuBMAP,HBM366.RQZK.248,https://doi.org/10.48539/HBM366.RQZK.248
omap,lymph-node-ibex,v1.1,Organ Mapping Antibody Panel (OMAP)  for Multiplexed Antibody-Based Imaging of Human Lymph Node with IBEX,Creative Commons Attribution 4.0 International ([CC BY 4.0](https://creativecommons.org/licenses/by/4.0/)),HuBMAP,HBM624.PJSR.685,https://doi.org/10.48539/HBM624.PJSR.685
omap,pancreas-codex,v1.0,Organ Mapping Antibody Panel (OMAP) for Multiplexed Antibody-Based Imaging of Human Pancreas with CODEX,Creative Commons Attribution 4.0 International ([CC BY 4.0](https://creativecommons.org/licenses/by/4.0/)),HuBMAP,HBM395.LXKX.734,https://doi.org/10.48539/HBM395.LXKX.734
omap,skin-celldive,v1.0,Organ Mapping Antibody Panel (OMAP) for Multiplexed Antibody-Based Imaging of Human Skin with Cell DIVE,Creative Commons Attribution 4.0 International ([CC BY 4.0](https://creativecommons.org/licenses/by/4.0/)),HuBMAP,HBM467.LRKZ.884,https://doi.org/10.48539/HBM467.LRKZ.884
ref-organ,asct-b-3d-models-crosswalk,v1.4,"Anatomical Structures, Cell Types and Biomarkers (ASCT+B) Tables to 3D Reference Object Library Crosswalk",Creative Commons Attribution 4.0 International ([CC BY 4.0](https://creativecommons.org/licenses/by/4.0/)),HuBMAP,HBM622.BDXN.589,https://doi.org/10.48539/HBM622.BDXN.589
ref-organ,asct-b-3d-models-mapping,v1.3,ASCT+B 3D Models Mapping,Creative Commons Attribution 4.0 International ([CC BY 4.0](https://creativecommons.org/licenses/by/4.0/)),HuBMAP,HBM766.SDNC.676,https://doi.org/10.48539/HBM766.SDNC.676
ref-organ,asctb-3d-models-mapping,Mapping,ASCT-B 3D Models,Creative Commons Attribution 4.0 International ([CC BY 4.0](https://creativecommons.org/licenses/by/4.0/)),HuBMAP,HBM527.RCXM.366,https://doi.org/10.48539/hbm527.rcxm.366
ref-organ,blood-vasculature-female,v1.1,"3D Reference Organ for Blood Vasculature, Female",Creative Commons Attribution 4.0 International ([CC BY 4.0](https://creativecommons.org/licenses/by/4.0/)),HuBMAP,HBM542.RNFN.859,https://doi.org/10.48539/HBM542.RNFN.859
ref-organ,blood-vasculature-female,v1.2,"3D Reference Organ for Blood Vasculature, Female",Creative Commons Attribution 4.0 International ([CC BY 4.0](https://creativecommons.org/licenses/by/4.0/)),HuBMAP,HBM232.FSRK.728,https://doi.org/10.48539/HBM232.FSRK.728
ref-organ,blood-vasculature-male,v1.1,"3D Reference Organ for Blood Vasculature, Male",Creative Commons Attribution 4.0 International ([CC BY 4.0](https://creativecommons.org/licenses/by/4.0/)),HuBMAP,HBM624.HZFZ.385,https://doi.org/10.48539/HBM624.HZFZ.385
ref-organ,blood-vasculature-male,v1.2,"3D Reference Organ for Blood Vasculature, Male",Creative Commons Attribution 4.0 International ([CC BY 4.0](https://creativecommons.org/licenses/by/4.0/)),HuBMAP,HBM686.LBDQ.998,https://doi.org/10.48539/HBM686.LBDQ.998
ref-organ,brain-female,v1.0,"3D Reference Organ for Brain, Female",Creative Commons Attribution 4.0 International ([CC BY 4.0](https://creativecommons.org/licenses/by/4.0/)),HuBMAP,HBM438.XKJT.666,https://doi.org/10.48539/hbm438.xkjt.666
ref-organ,brain-female,v1.1,"3D Reference Organ for Brain, Female",Creative Commons Attribution 4.0 International ([CC BY 4.0](https://creativecommons.org/licenses/by/4.0/)),HuBMAP,HBM724.XTTN.487,https://doi.org/10.48539/HBM724.XTTN.487
ref-organ,brain-female,v1.2,"3D Reference Organ for Brain, Female",[Allen Institute Terms of Use](https://alleninstitute.org/legal/terms-use),HuBMAP,HBM883.TBLV.838,https://doi.org/10.48539/HBM883.TBLV.838
ref-organ,brain-male,v1.0,"3D Reference Organ for Brain, Male",Creative Commons Attribution 4.0 International ([CC BY 4.0](https://creativecommons.org/licenses/by/4.0/)),HuBMAP,HBM927.XKJR.426,https://doi.org/10.48539/hbm927.xkjr.426
ref-organ,brain-male,v1.1,"3D Reference Organ for Brain, Male",Creative Commons Attribution 4.0 International ([CC BY 4.0](https://creativecommons.org/licenses/by/4.0/)),HuBMAP,HBM246.TXGH.789,https://doi.org/10.48539/HBM246.TXGH.789
ref-organ,brain-male,v1.2,"3D Reference Organ for Brain, Male",[Allen Institute Terms of Use](https://alleninstitute.org/legal/terms-use),HuBMAP,HBM946.SSFX.636,https://doi.org/10.48539/HBM946.SSFX.636
ref-organ,eye-female-left,v1.0,"3D Reference Organ for Eye, Female, Left",Creative Commons Attribution 4.0 International ([CC BY 4.0](https://creativecommons.org/licenses/by/4.0/)),HuBMAP,HBM359.KHRG.755,https://doi.org/10.48539/HBM359.KHRG.755
ref-organ,eye-female-left,v1.1,"3D Reference Organ for Eye, Female, Left",Creative Commons Attribution 4.0 International ([CC BY 4.0](https://creativecommons.org/licenses/by/4.0/)),HuBMAP,HBM947.QXCK.633,https://doi.org/10.48539/HBM947.QXCK.633 
ref-organ,eye-female-right,v1.0,"3D Reference Organ for Eye, Female, Right",Creative Commons Attribution 4.0 International ([CC BY 4.0](https://creativecommons.org/licenses/by/4.0/)),HuBMAP,HBM692.CDGH.743,https://doi.org/10.48539/HBM692.CDGH.743
ref-organ,eye-female-right,v1.1,"3D Reference Organ for Eye, Female, Right",Creative Commons Attribution 4.0 International ([CC BY 4.0](https://creativecommons.org/licenses/by/4.0/)),HuBMAP,HBM276.NWLC.455,https://doi.org/10.48539/HBM276.NWLC.455
ref-organ,eye-male-left,v1.0,"3D Reference Organ for Eye, Male, Left",Creative Commons Attribution 4.0 International ([CC BY 4.0](https://creativecommons.org/licenses/by/4.0/)),HuBMAP,HBM229.DQTQ.987,https://doi.org/10.48539/HBM229.DQTQ.987
ref-organ,eye-male-left,v1.1,"3D Reference Organ for Eye, Male, Left",Creative Commons Attribution 4.0 International ([CC BY 4.0](https://creativecommons.org/licenses/by/4.0/)),HuBMAP,HBM589.ZDVC.244,https://doi.org/10.48539/HBM589.ZDVC.244
ref-organ,eye-male-right,v1.0,"3D Reference Organ for Eye, Male, Right",Creative Commons Attribution 4.0 International ([CC BY 4.0](https://creativecommons.org/licenses/by/4.0/)),HuBMAP,HBM343.ZZKS.993,https://doi.org/10.48539/HBM343.ZZKS.993
ref-organ,eye-male-right,v1.1,"3D Reference Organ for Eye, Male, Right",Creative Commons Attribution 4.0 International ([CC BY 4.0](https://creativecommons.org/licenses/by/4.0/)),HuBMAP,HBM628.JFJJ.755,https://doi.org/10.48539/HBM628.JFJJ.755
ref-organ,fallopian-tube-female-left,v1.0,"3D Reference Organ for Fallopian Tube, Female, Left",Creative Commons Attribution 4.0 International ([CC BY 4.0](https://creativecommons.org/licenses/by/4.0/)),HuBMAP,HBM346.XLQF.893,https://doi.org/10.48539/HBM346.XLQF.893
ref-organ,fallopian-tube-female-left,v1.1,"3D Reference Organ for Fallopian Tube, Female, Left",Creative Commons Attribution 4.0 International ([CC BY 4.0](https://creativecommons.org/licenses/by/4.0/)),HuBMAP,HBM887.HZKB.637,https://doi.org/10.48539/HBM887.HZKB.637
ref-organ,fallopian-tube-female-right,v1.0,"3D Reference Organ for Fallopian Tube, Female, Right",Creative Commons Attribution 4.0 International ([CC BY 4.0](https://creativecommons.org/licenses/by/4.0/)),HuBMAP,HBM986.HDFV.993,https://doi.org/10.48539/HBM986.HDFV.993
ref-organ,fallopian-tube-female-right,v1.1,"3D Reference Organ for Fallopian Tube, Female, Right",Creative Commons Attribution 4.0 International ([CC BY 4.0](https://creativecommons.org/licenses/by/4.0/)),HuBMAP,HBM875.FCDP.878,https://doi.org/10.48539/HBM875.FCDP.878
ref-organ,female-united,v1.2,"3D Reference Organ Set for United, Female",Creative Commons Attribution 4.0 International ([CC BY 4.0](https://creativecommons.org/licenses/by/4.0/)),HuBMAP,HBM658.KHFL.229,https://doi.org/10.48539/HBM658.KHFL.229 
ref-organ,heart-female,v1.0,"3D Reference Organ for Heart, Female",Creative Commons Attribution 4.0 International ([CC BY 4.0](https://creativecommons.org/licenses/by/4.0/)),HuBMAP,HBM894.FGQN.237,https://doi.org/10.48539/hbm894.fgqn.237
ref-organ,heart-female,v1.1,"3D Reference Organ for Heart, Female",Creative Commons Attribution 4.0 International ([CC BY 4.0](https://creativecommons.org/licenses/by/4.0/)),HuBMAP,HBM459.GVPS.249,https://doi.org/10.48539/HBM459.GVPS.249
ref-organ,heart-female,v1.2,"3D Reference Organ for Heart, Female",Creative Commons Attribution 4.0 International ([CC BY 4.0](https://creativecommons.org/licenses/by/4.0/)),HuBMAP,HBM384.VWVH.465,https://doi.org/10.48539/HBM384.VWVH.465
ref-organ,heart-male,v1.0,"3D Reference Organ for Heart, Male",Creative Commons Attribution 4.0 International ([CC BY 4.0](https://creativecommons.org/licenses/by/4.0/)),HuBMAP,HBM384.FDPD.646,https://doi.org/10.48539/hbm384.fdpd.646
ref-organ,heart-male,v1.1,"3D Reference Organ for Heart, Male",Creative Commons Attribution 4.0 International ([CC BY 4.0](https://creativecommons.org/licenses/by/4.0/)),HuBMAP,HBM548.CTHS.699,https://doi.org/10.48539/HBM548.CTHS.699
ref-organ,heart-male,v1.2,"3D Reference Organ for Heart, Male",Creative Commons Attribution 4.0 International ([CC BY 4.0](https://creativecommons.org/licenses/by/4.0/)),HuBMAP,HBM373.VSTV.568,https://doi.org/10.48539/HBM373.VSTV.568
ref-organ,intestine-large-female,v1.0,"3D Reference Organ for Intestine, Large, Female",Creative Commons Attribution 4.0 International ([CC BY 4.0](https://creativecommons.org/licenses/by/4.0/)),HuBMAP,HBM734.KXRL.243,https://doi.org/10.48539/hbm734.kxrl.243
ref-organ,intestine-large-male,v1.0,"3D Reference Organ for Intestine, Large, Male",Creative Commons Attribution 4.0 International ([CC BY 4.0](https://creativecommons.org/licenses/by/4.0/)),HuBMAP,HBM235.QFTP.824,https://doi.org/10.48539/hbm235.qftp.824
ref-organ,kidney-female-left,v1.0,"3D Reference Organ for Kidney, Female, Left",Creative Commons Attribution 4.0 International ([CC BY 4.0](https://creativecommons.org/licenses/by/4.0/)),HuBMAP,HBM765.JWFB.892,https://doi.org/10.48539/hbm765.jwfb.892
ref-organ,kidney-female-left,v1.1,"3D Reference Organ for Kidney, Female, Left",Creative Commons Attribution 4.0 International ([CC BY 4.0](https://creativecommons.org/licenses/by/4.0/)),HuBMAP,HBM893.CHGD.258,https://doi.org/10.48539/HBM893.CHGD.258
ref-organ,kidney-female-left,v1.2,"3D Reference Organ for Kidney, Female, Left",Creative Commons Attribution 4.0 International ([CC BY 4.0](https://creativecommons.org/licenses/by/4.0/)),HuBMAP,HBM898.QGVV.734,https://doi.org/10.48539/HBM898.QGVV.734
ref-organ,kidney-female-right,v1.0,"3D Reference Organ for Kidney, Female, Right",Creative Commons Attribution 4.0 International ([CC BY 4.0](https://creativecommons.org/licenses/by/4.0/)),HuBMAP,HBM726.HWKT.534,https://doi.org/10.48539/hbm726.hwkt.534
ref-organ,kidney-female-right,v1.1,"3D Reference Organ for Kidney, Female, Right",Creative Commons Attribution 4.0 International ([CC BY 4.0](https://creativecommons.org/licenses/by/4.0/)),HuBMAP,HBM569.LBLR.528,https://doi.org/10.48539/HBM569.LBLR.528
ref-organ,kidney-female-right,v1.2,"3D Reference Organ for Kidney, Female, Right",Creative Commons Attribution 4.0 International ([CC BY 4.0](https://creativecommons.org/licenses/by/4.0/)),HuBMAP,HBM487.ZGCW.688,https://doi.org/10.48539/HBM487.ZGCW.688
ref-organ,kidney-male-left,v1.0,"3D Reference Organ for Kidney, Male, Left",Creative Commons Attribution 4.0 International ([CC BY 4.0](https://creativecommons.org/licenses/by/4.0/)),HuBMAP,HBM792.NPXX.335,https://doi.org/10.48539/hbm792.npxx.335
ref-organ,kidney-male-left,v1.1,"3D Reference Organ for Kidney, Male, Left",Creative Commons Attribution 4.0 International ([CC BY 4.0](https://creativecommons.org/licenses/by/4.0/)),HuBMAP,HBM987.QXZX.867,https://doi.org/10.48539/HBM987.QXZX.867
ref-organ,kidney-male-left,v1.2,"3D Reference Organ for Kidney, Male, Left",Creative Commons Attribution 4.0 International ([CC BY 4.0](https://creativecommons.org/licenses/by/4.0/)),HuBMAP,HBM562.JGPS.244,https://doi.org/10.48539/HBM562.JGPS.244
ref-organ,kidney-male-right,v1.0,"3D Reference Organ for Kidney, Male, Right",Creative Commons Attribution 4.0 International ([CC BY 4.0](https://creativecommons.org/licenses/by/4.0/)),HuBMAP,HBM693.RTRN.866,https://doi.org/10.48539/hbm693.rtrn.866
ref-organ,kidney-male-right,v1.1,"3D Reference Organ for Kidney, Male, Right",Creative Commons Attribution 4.0 International ([CC BY 4.0](https://creativecommons.org/licenses/by/4.0/)),HuBMAP,HBM724.XBQG.384,https://doi.org/10.48539/HBM724.XBQG.384
ref-organ,kidney-male-right,v1.2,"3D Reference Organ for Kidney, Male, Right",Creative Commons Attribution 4.0 International ([CC BY 4.0](https://creativecommons.org/licenses/by/4.0/)),HuBMAP,HBM272.ZVPQ.979,https://doi.org/10.48539/HBM272.ZVPQ.979
ref-organ,knee-female-left,v1.0,"3D Reference Organ for Knee, Female, Left",Creative Commons Attribution 4.0 International ([CC BY 4.0](https://creativecommons.org/licenses/by/4.0/)),HuBMAP,HBM886.ZDPK.865,https://doi.org/10.48539/HBM886.ZDPK.865
ref-organ,knee-female-left,v1.1,"3D Reference Organ for Knee, Female, Left",Creative Commons Attribution 4.0 International ([CC BY 4.0](https://creativecommons.org/licenses/by/4.0/)),HuBMAP,HBM445.ZKHR.632,https://doi.org/10.48539/HBM445.ZKHR.632
ref-organ,knee-female-right,v1.0,"3D Reference Organ for Knee, Female, Right",Creative Commons Attribution 4.0 International ([CC BY 4.0](https://creativecommons.org/licenses/by/4.0/)),HuBMAP,HBM793.BQGC.274,https://doi.org/10.48539/HBM793.BQGC.274
ref-organ,knee-male-left,v1.0,"3D Reference Organ for Knee, Male, Left",Creative Commons Attribution 4.0 International ([CC BY 4.0](https://creativecommons.org/licenses/by/4.0/)),HuBMAP,HBM825.XRZT.933,https://doi.org/10.48539/HBM825.XRZT.933
ref-organ,knee-male-left,v1.1,"3D Reference Organ for Knee, Male, Left",Creative Commons Attribution 4.0 International ([CC BY 4.0](https://creativecommons.org/licenses/by/4.0/)),HuBMAP,HBM592.GGXG.842,https://doi.org/10.48539/HBM592.GGXG.842
ref-organ,knee-male-right,v1.0,"3D Reference Organ for Knee, Male, Right",Creative Commons Attribution 4.0 International ([CC BY 4.0](https://creativecommons.org/licenses/by/4.0/)),HuBMAP,HBM546.WMLL.993,https://doi.org/10.48539/HBM546.WMLL.993
ref-organ,knee-male-right,v1.1,"3D Reference Organ for Knee, Male, Right",Creative Commons Attribution 4.0 International ([CC BY 4.0](https://creativecommons.org/licenses/by/4.0/)),HuBMAP,HBM262.NWXL.436,https://doi.org/10.48539/HBM262.NWXL.436
ref-organ,large-intestine-female,v1.1,"3D Reference Organ for Large Intestine, Female",Creative Commons Attribution 4.0 International ([CC BY 4.0](https://creativecommons.org/licenses/by/4.0/)),HuBMAP,HBM879.CXSX.975,https://doi.org/10.48539/HBM879.CXSX.975
ref-organ,large-intestine-female,v1.2,"3D Reference Organ for Large Intestine, Female",Creative Commons Attribution 4.0 International ([CC BY 4.0](https://creativecommons.org/licenses/by/4.0/)),HuBMAP,HBM637.SRWT.828,https://doi.org/10.48539/HBM637.SRWT.828
ref-organ,large-intestine-male,v1.1,"3D Reference Organ for Large Intestine, Male",Creative Commons Attribution 4.0 International ([CC BY 4.0](https://creativecommons.org/licenses/by/4.0/)),HuBMAP,HBM626.PBQL.796,https://doi.org/10.48539/HBM626.PBQL.796
ref-organ,large-intestine-male,v1.2,"3D Reference Organ for Large Intestine, Male",Creative Commons Attribution 4.0 International ([CC BY 4.0](https://creativecommons.org/licenses/by/4.0/)),HuBMAP,HBM334.LVTH.937,https://doi.org/10.48539/HBM334.LVTH.937
ref-organ,liver-female,v1.0,"3D Reference Organ for Liver, Female",Creative Commons Attribution 4.0 International ([CC BY 4.0](https://creativecommons.org/licenses/by/4.0/)),HuBMAP,HBM474.XSKK.979,https://doi.org/10.48539/HBM474.XSKK.979
ref-organ,liver-female,v1.1,"3D Reference Organ for Liver, Female",Creative Commons Attribution 4.0 International ([CC BY 4.0](https://creativecommons.org/licenses/by/4.0/)),HuBMAP,HBM798.JZZM.649,https://doi.org/10.48539/HBM798.JZZM.649
ref-organ,liver-male,v1.0,"3D Reference Organ for Liver, Male",Creative Commons Attribution 4.0 International ([CC BY 4.0](https://creativecommons.org/licenses/by/4.0/)),HuBMAP,HBM793.BQGC.274,https://doi.org/10.48539/HBM793.BQGC.274
ref-organ,liver-male,v1.1,"3D Reference Organ for Liver, Male",Creative Commons Attribution 4.0 International ([CC BY 4.0](https://creativecommons.org/licenses/by/4.0/)),HuBMAP,HBM677.HVRF.764,https://doi.org/10.48539/HBM677.HVRF.764
ref-organ,lung-female,v1.0,"3D Reference Organ for Lung, Female",Creative Commons Attribution 4.0 International ([CC BY 4.0](https://creativecommons.org/licenses/by/4.0/)),HuBMAP,HBM467.NHKR.974,https://doi.org/10.48539/hbm467.nhkr.974
ref-organ,lung-female,v1.1,"3D Reference Organ for Lung, Female",Creative Commons Attribution 4.0 International ([CC BY 4.0](https://creativecommons.org/licenses/by/4.0/)),HuBMAP,HBM448.SPWK.587,https://doi.org/10.48539/HBM448.SPWK.587
ref-organ,lung-female,v1.2,"3D Reference Organ for Lung, Female",Creative Commons Attribution 4.0 International ([CC BY 4.0](https://creativecommons.org/licenses/by/4.0/)),HuBMAP,HBM733.JCZJ.647,https://doi.org/10.48539/HBM733.JCZJ.647
ref-organ,lung-male,v1.0,"3D Reference Organ for Lung, Male",Creative Commons Attribution 4.0 International ([CC BY 4.0](https://creativecommons.org/licenses/by/4.0/)),HuBMAP,HBM373.VPSC.692,https://doi.org/10.48539/hbm373.vpsc.692
ref-organ,lung-male,v1.1,"3D Reference Organ for Lung, Male",Creative Commons Attribution 4.0 International ([CC BY 4.0](https://creativecommons.org/licenses/by/4.0/)),HuBMAP,HBM432.TNRZ.258,https://doi.org/10.48539/HHBM432.TNRZ.258
ref-organ,lung-male,v1.2,"3D Reference Organ for Lung, Male",Creative Commons Attribution 4.0 International ([CC BY 4.0](https://creativecommons.org/licenses/by/4.0/)),HuBMAP,HBM787.FWXN.723,https://doi.org/10.48539/HBM787.FWXN.723
ref-organ,lymph-node-female-left,v1.0,"3D Reference Organ for Lymph Node, Female, Left",Creative Commons Attribution 4.0 International ([CC BY 4.0](https://creativecommons.org/licenses/by/4.0/)),HuBMAP,HBM897.HVMV.989,https://doi.org/10.48539/hbm897.hvmv.989
ref-organ,lymph-node-female-right,v1.0,"3D Reference Organ for Lymph Node, Female, Right",Creative Commons Attribution 4.0 International ([CC BY 4.0](https://creativecommons.org/licenses/by/4.0/)),HuBMAP,HBM439.ZTGH.778,https://doi.org/10.48539/hbm439.ztgh.778
ref-organ,lymph-node-female,v1.1,"3D Reference Organ for Lymph Node, Female",Creative Commons Attribution 4.0 International ([CC BY 4.0](https://creativecommons.org/licenses/by/4.0/)),HuBMAP,HBM992.ZQPV.642,https://doi.org/10.48539/HBM992.ZQPV.642
ref-organ,lymph-node-female,v1.2,"3D Reference Organ for Lymph Node, Female",Creative Commons Attribution 4.0 International ([CC BY 4.0](https://creativecommons.org/licenses/by/4.0/)),HuBMAP,HBM463.LFHF.874,https://doi.org/10.48539/HBM463.LFHF.874
ref-organ,lymph-node-male-left,v1.0,"3D Reference Organ for Lymph Node, Male, Left",Creative Commons Attribution 4.0 International ([CC BY 4.0](https://creativecommons.org/licenses/by/4.0/)),HuBMAP,HBM668.RBLW.256,https://doi.org/10.48539/hbm668.rblw.256
ref-organ,lymph-node-male-right,v1.0,"3D Reference Organ for Lymph Node, Male, Right",Creative Commons Attribution 4.0 International ([CC BY 4.0](https://creativecommons.org/licenses/by/4.0/)),HuBMAP,HBM699.BLKS.298,https://doi.org/10.48539/hbm699.blks.298
ref-organ,lymph-node-male,v1.1,"3D Reference Organ for Lymph Node, Male",Creative Commons Attribution 4.0 International ([CC BY 4.0](https://creativecommons.org/licenses/by/4.0/)),HuBMAP,HBM855.HCSJ.436,https://doi.org/10.48539/HBM855.HCSJ.436
ref-organ,lymph-node-male,v1.2,"3D Reference Organ for Lymph Node, Male",Creative Commons Attribution 4.0 International ([CC BY 4.0](https://creativecommons.org/licenses/by/4.0/)),HuBMAP,HBM299.VVXH.634,https://doi.org/10.48539/HBM299.VVXH.634
ref-organ,male-united,v1.2,"3D Reference Organ Set for United, Male",Creative Commons Attribution 4.0 International ([CC BY 4.0](https://creativecommons.org/licenses/by/4.0/)),HuBMAP,HBM527.VTCC.559,https://doi.org/10.48539/HBM527.VTCC.559 
ref-organ,ovary-female-left,v1.0,"3D Reference Organ for Ovary, Female, Left",Creative Commons Attribution 4.0 International ([CC BY 4.0](https://creativecommons.org/licenses/by/4.0/)),HuBMAP,HBM822.TTPW.598,https://doi.org/10.48539/HBM822.TTPW.598
ref-organ,ovary-female-left,v1.1,"3D Reference Organ for Ovary, Female, Left",Creative Commons Attribution 4.0 International ([CC BY 4.0](https://creativecommons.org/licenses/by/4.0/)),HuBMAP,HBM499.JLMB.357,https://doi.org/10.48539/HBM499.JLMB.357
ref-organ,ovary-female-right,v1.0,"3D Reference Organ for Ovary, Female, Right",Creative Commons Attribution 4.0 International ([CC BY 4.0](https://creativecommons.org/licenses/by/4.0/)),HuBMAP,HBM428.HSSM.863,https://doi.org/10.48539/HBM428.HSSM.863
ref-organ,ovary-female-right,v1.1,"3D Reference Organ for Ovary, Female, Right",Creative Commons Attribution 4.0 International ([CC BY 4.0](https://creativecommons.org/licenses/by/4.0/)),HuBMAP,HBM453.QTZX.449,https://doi.org/10.48539/HBM453.QTZX.449
ref-organ,pancreas-female,v1.0,"3D Reference Organ for Pancreas, Female",Creative Commons Attribution 4.0 International ([CC BY 4.0](https://creativecommons.org/licenses/by/4.0/)),HuBMAP,HBM596.NSFQ.426,https://doi.org/10.48539/HBM596.NSFQ.426
ref-organ,pancreas-female,v1.1,"3D Reference Organ for Pancreas, Female",Creative Commons Attribution 4.0 International ([CC BY 4.0](https://creativecommons.org/licenses/by/4.0/)),HuBMAP,HBM338.VKSF.574,https://doi.org/10.48539/HBM338.VKSF.574
ref-organ,pancreas-male,v1.0,"3D Reference Organ for Pancreas, Male",Creative Commons Attribution 4.0 International ([CC BY 4.0](https://creativecommons.org/licenses/by/4.0/)),HuBMAP,HBM249.BLBM.234,https://doi.org/10.48539/HBM249.BLBM.234
ref-organ,pancreas-male,v1.1,"3D Reference Organ for Pancreas, Male",Creative Commons Attribution 4.0 International ([CC BY 4.0](https://creativecommons.org/licenses/by/4.0/)),HuBMAP,HBM992.BMVW.775,https://doi.org/10.48539/HBM992.BMVW.775
ref-organ,pelvis-female,v1.0,"3D Reference Organ for Pelvis, Female",Creative Commons Attribution 4.0 International ([CC BY 4.0](https://creativecommons.org/licenses/by/4.0/)),HuBMAP,HBM539.RRDB.894,https://doi.org/10.48539/hbm539.rrdb.894
ref-organ,pelvis-female,v1.1,"3D Reference Organ for Pelvis, Female",Creative Commons Attribution 4.0 International ([CC BY 4.0](https://creativecommons.org/licenses/by/4.0/)),HuBMAP,HBM678.LPCR.586,https://doi.org/10.48539/HBM678.LPCR.586
ref-organ,pelvis-female,v1.2,"3D Reference Organ for Pelvis, Female",Creative Commons Attribution 4.0 International ([CC BY 4.0](https://creativecommons.org/licenses/by/4.0/)),HuBMAP,HBM427.CCRP.887,https://doi.org/10.48539/HBM427.CCRP.887
ref-organ,pelvis-male,v1.0,"3D Reference Organ for Pelvis, Male",Creative Commons Attribution 4.0 International ([CC BY 4.0](https://creativecommons.org/licenses/by/4.0/)),HuBMAP,HBM672.KSST.448,https://doi.org/10.48539/hbm672.ksst.448
ref-organ,pelvis-male,v1.1,"3D Reference Organ for Pelvis, Male",Creative Commons Attribution 4.0 International ([CC BY 4.0](https://creativecommons.org/licenses/by/4.0/)),HuBMAP,HBM333.RJDF.478,https://doi.org/10.48539/HBM333.RJDF.478
ref-organ,pelvis-male,v1.2,"3D Reference Organ for Pelvis, Male",Creative Commons Attribution 4.0 International ([CC BY 4.0](https://creativecommons.org/licenses/by/4.0/)),HuBMAP,HBM893.QGJK.978,https://doi.org/10.48539/HBM893.QGJK.978
ref-organ,placenta-full-term-female,v1.0,"3D Reference Organ for Placenta, Full Term, Female",Creative Commons Attribution 4.0 International ([CC BY 4.0](https://creativecommons.org/licenses/by/4.0/)),HuBMAP,HBM796.CQJZ.982,https://doi.org/10.48539/HBM796.CQJZ.982
ref-organ,prostate-male,v1.0,"3D Reference Organ for Prostate, Male",Creative Commons Attribution 4.0 International ([CC BY 4.0](https://creativecommons.org/licenses/by/4.0/)),HuBMAP,HBM493.JKTJ.487,https://doi.org/10.48539/HBM493.JKTJ.487
ref-organ,prostate-male,v1.1,"3D Reference Organ for Prostate, Male",Creative Commons Attribution 4.0 International ([CC BY 4.0](https://creativecommons.org/licenses/by/4.0/)),HuBMAP,HBM229.TSCH.665,https://doi.org/10.48539/HBM229.TSCH.665
ref-organ,skin-female,v1.0,"3D Reference Organ for Skin, Female",Creative Commons Attribution 4.0 International ([CC BY 4.0](https://creativecommons.org/licenses/by/4.0/)),HuBMAP,HBM287.TJZD.872,https://doi.org/10.48539/hbm287.tjzd.872
ref-organ,skin-female,v1.1,"3D Reference Organ for Skin, Female",Creative Commons Attribution 4.0 International ([CC BY 4.0](https://creativecommons.org/licenses/by/4.0/)),HuBMAP,HBM555.MQLF.923,https://doi.org/10.48539/HBM555.MQLF.923
ref-organ,skin-female,v1.2,"3D Reference Organ for Skin, Female",Creative Commons Attribution 4.0 International ([CC BY 4.0](https://creativecommons.org/licenses/by/4.0/)),HuBMAP,HBM254.DVTN.589,https://doi.org/10.48539/HBM254.DVTN.589
ref-organ,skin-male,v1.0,"3D Reference Organ for Skin, Male",Creative Commons Attribution 4.0 International ([CC BY 4.0](https://creativecommons.org/licenses/by/4.0/)),HuBMAP,HBM689.CGPV.442,https://doi.org/10.48539/hbm689.cgpv.442
ref-organ,skin-male,v1.1,"3D Reference Organ for Skin, Male",Creative Commons Attribution 4.0 International ([CC BY 4.0](https://creativecommons.org/licenses/by/4.0/)),HuBMAP,HBM592.CTHB.237,https://doi.org/10.48539/HBM592.CTHB.237
ref-organ,skin-male,v1.2,"3D Reference Organ for Skin, Male",Creative Commons Attribution 4.0 International ([CC BY 4.0](https://creativecommons.org/licenses/by/4.0/)),HuBMAP,HBM369.SBSP.863,https://doi.org/10.48539/HBM369.SBSP.863
ref-organ,small-intestine-female,v1.1,"3D Reference Organ for Small Intestine, Female",Creative Commons Attribution 4.0 International ([CC BY 4.0](https://creativecommons.org/licenses/by/4.0/)),HuBMAP,HBM887.PSNL.257,https://doi.org/10.48539/HBM887.PSNL.257
ref-organ,small-intestine-male,v1.0,"3D Reference Organ for Small Intestine, Male",Creative Commons Attribution 4.0 International ([CC BY 4.0](https://creativecommons.org/licenses/by/4.0/)),HuBMAP,HBM373.JKLS.694,https://doi.org/10.48539/HBM373.JKLS.694
ref-organ,small-intestine-male,v1.1,"3D Reference Organ for Small Intestine, Male",Creative Commons Attribution 4.0 International ([CC BY 4.0](https://creativecommons.org/licenses/by/4.0/)),HuBMAP,HBM468.FFTJ.536,https://doi.org/10.48539/HBM468.FFTJ.536
ref-organ,spinal-cord-female,v1.0,"3D Reference Organ for Spinal Cord, Female",Creative Commons Attribution 4.0 International ([CC BY 4.0](https://creativecommons.org/licenses/by/4.0/)),HuBMAP,HBM625.LDJN.633,https://doi.org/10.48539/HBM625.LDJN.633
ref-organ,spinal-cord-male,v1.0,"3D Reference Organ for Spinal Cord, Male",Creative Commons Attribution 4.0 International ([CC BY 4.0](https://creativecommons.org/licenses/by/4.0/)),HuBMAP,HBM366.MTJD.685,https://doi.org/10.48539/HBM366.MTJD.685
ref-organ,spleen-female,v1.0,"3D Reference Organ for Spleen, Female",Creative Commons Attribution 4.0 International ([CC BY 4.0](https://creativecommons.org/licenses/by/4.0/)),HuBMAP,HBM626.WZGS.532,https://doi.org/10.48539/hbm626.wzgs.532
ref-organ,spleen-female,v1.1,"3D Reference Organ for Spleen, Female",Creative Commons Attribution 4.0 International ([CC BY 4.0](https://creativecommons.org/licenses/by/4.0/)),HuBMAP,HBM763.BRDT.574,https://doi.org/10.48539/HBM763.BRDT.574
ref-organ,spleen-female,v1.2,"3D Reference Organ for Spleen, Female",Creative Commons Attribution 4.0 International ([CC BY 4.0](https://creativecommons.org/licenses/by/4.0/)),HuBMAP,HBM459.JHVH.373,https://doi.org/10.48539/HBM459.JHVH.373
ref-organ,spleen-male,v1.0,"3D Reference Organ for Spleen, Male",Creative Commons Attribution 4.0 International ([CC BY 4.0](https://creativecommons.org/licenses/by/4.0/)),HuBMAP,HBM583.DRHV.265,https://doi.org/10.48539/hbm583.drhv.265
ref-organ,spleen-male,v1.1,"3D Reference Organ for Spleen, Male",Creative Commons Attribution 4.0 International ([CC BY 4.0](https://creativecommons.org/licenses/by/4.0/)),HuBMAP,HBM428.SWCN.269,https://doi.org/10.48539/HBM428.SWCN.269
ref-organ,spleen-male,v1.2,"3D Reference Organ for Spleen, Male",Creative Commons Attribution 4.0 International ([CC BY 4.0](https://creativecommons.org/licenses/by/4.0/)),HuBMAP,HBM662.GMWC.569,https://doi.org/10.48539/HBM662.GMWC.569
ref-organ,thymus-female,v1.0,"3D Reference Organ for Thymus, Female",Creative Commons Attribution 4.0 International ([CC BY 4.0](https://creativecommons.org/licenses/by/4.0/)),HuBMAP,HBM896.TWPT.542,https://doi.org/10.48539/hbm896.twpt.542
ref-organ,thymus-female,v1.1,"3D Reference Organ for Thymus, Female",Creative Commons Attribution 4.0 International ([CC BY 4.0](https://creativecommons.org/licenses/by/4.0/)),HuBMAP,HBM225.QSQG.238,https://doi.org/10.48539/HBM225.QSQG.238
ref-organ,thymus-female,v1.2,"3D Reference Organ for Thymus, Female",Creative Commons Attribution 4.0 International ([CC BY 4.0](https://creativecommons.org/licenses/by/4.0/)),HuBMAP,HBM956.TTND.385,https://doi.org/10.48539/HBM956.TTND.385
ref-organ,thymus-male,v1.0,"3D Reference Organ for Thymus, Male",Creative Commons Attribution 4.0 International ([CC BY 4.0](https://creativecommons.org/licenses/by/4.0/)),HuBMAP,HBM955.BGTP.947,https://doi.org/10.48539/hbm955.bgtp.947
ref-organ,thymus-male,v1.1,"3D Reference Organ for Thymus, Male",Creative Commons Attribution 4.0 International ([CC BY 4.0](https://creativecommons.org/licenses/by/4.0/)),HuBMAP,HBM654.JFJP.923,https://doi.org/10.48539/HBM654.JFJP.923
ref-organ,thymus-male,v1.2,"3D Reference Organ for Thymus, Male",Creative Commons Attribution 4.0 International ([CC BY 4.0](https://creativecommons.org/licenses/by/4.0/)),HuBMAP,HBM823.SNLN.667,https://doi.org/10.48539/HBM823.SNLN.667
ref-organ,ureter-female-left,v1.0,"3D Reference Organ for Ureter, Female, Left",Creative Commons Attribution 4.0 International ([CC BY 4.0](https://creativecommons.org/licenses/by/4.0/)),HuBMAP,HBM455.BVMB.749,https://doi.org/10.48539/HBM455.BVMB.749
ref-organ,ureter-female-left,v1.1,"3D Reference Organ for Ureter, Female, Left",Creative Commons Attribution 4.0 International ([CC BY 4.0](https://creativecommons.org/licenses/by/4.0/)),HuBMAP,HBM923.WCQQ.623,https://doi.org/10.48539/HBM923.WCQQ.623
ref-organ,ureter-female-right,v1.0,"3D Reference Organ for Ureter, Female, Right",Creative Commons Attribution 4.0 International ([CC BY 4.0](https://creativecommons.org/licenses/by/4.0/)),HuBMAP,HBM585.ZVKW.798,https://doi.org/10.48539/HBM585.ZVKW.798
ref-organ,ureter-female-right,v1.1,"3D Reference Organ for Ureter, Female, Right",Creative Commons Attribution 4.0 International ([CC BY 4.0](https://creativecommons.org/licenses/by/4.0/)),HuBMAP,HBM669.RFNC.442,https://doi.org/10.48539/HBM669.RFNC.442
ref-organ,ureter-male-left,v1.0,"3D Reference Organ for Ureter, Male, Left",Creative Commons Attribution 4.0 International ([CC BY 4.0](https://creativecommons.org/licenses/by/4.0/)),HuBMAP,HBM763.QFXT.356,https://doi.org/10.48539/HBM763.QFXT.356
ref-organ,ureter-male-left,v1.1,"3D Reference Organ for Ureter, Male, Left",Creative Commons Attribution 4.0 International ([CC BY 4.0](https://creativecommons.org/licenses/by/4.0/)),HuBMAP,HBM473.XWNL.438,https://doi.org/10.48539/HBM473.XWNL.438
ref-organ,ureter-male-right,v1.0,"3D Reference Organ for Ureter, Male, Right",Creative Commons Attribution 4.0 International ([CC BY 4.0](https://creativecommons.org/licenses/by/4.0/)),HuBMAP,HBM962.NPQG.577,https://doi.org/10.48539/HBM962.NPQG.577
ref-organ,ureter-male-right,v1.1,"3D Reference Organ for Ureter, Male, Right",Creative Commons Attribution 4.0 International ([CC BY 4.0](https://creativecommons.org/licenses/by/4.0/)),HuBMAP,HBM878.DBSR.759,https://doi.org/10.48539/HBM878.DBSR.759
ref-organ,urinary-bladder-female,v1.0,"3D Reference Organ for Urinary Bladder, Female",Creative Commons Attribution 4.0 International ([CC BY 4.0](https://creativecommons.org/licenses/by/4.0/)),HuBMAP,HBM565.XPXM.226,https://doi.org/10.48539/HBM565.XPXM.226
ref-organ,urinary-bladder-female,v1.1,"3D Reference Organ for Urinary Bladder, Female",Creative Commons Attribution 4.0 International ([CC BY 4.0](https://creativecommons.org/licenses/by/4.0/)),HuBMAP,HBM235.KQNP.897,https://doi.org/10.48539/HBM235.KQNP.897
ref-organ,urinary-bladder-male,v1.0,"3D Reference Organ for Urinary Bladder, Male",Creative Commons Attribution 4.0 International ([CC BY 4.0](https://creativecommons.org/licenses/by/4.0/)),HuBMAP,HBM446.HDLZ.823,https://doi.org/10.48539/HBM446.HDLZ.823
ref-organ,urinary-bladder-male,v1.1,"3D Reference Organ for Urinary Bladder, Male",Creative Commons Attribution 4.0 International ([CC BY 4.0](https://creativecommons.org/licenses/by/4.0/)),HuBMAP,HBM934.DMHJ.898,https://doi.org/10.48539/HBM934.DMHJ.898
ref-organ,uterus-female,v1.0,"3D Reference Organ for Uterus, Female",Creative Commons Attribution 4.0 International ([CC BY 4.0](https://creativecommons.org/licenses/by/4.0/)),HuBMAP,HBM379.ZRWS.653,https://doi.org/10.48539/HBM379.ZRWS.653
ref-organ,uterus-female,v1.1,"3D Reference Organ for Uterus, Female",Creative Commons Attribution 4.0 International ([CC BY 4.0](https://creativecommons.org/licenses/by/4.0/)),HuBMAP,HBM228.JBNJ.299,https://doi.org/10.48539/HBM228.JBNJ.299
ref-organ,vasculature-female,v1.0,"3D Reference Organ for Vasculature, Female",Creative Commons Attribution 4.0 International ([CC BY 4.0](https://creativecommons.org/licenses/by/4.0/)),HuBMAP,HBM253.DKWB.737,https://doi.org/10.48539/hbm253.dkwb.737
ref-organ,vasculature-male,v1.0,"3D Reference Organ for Vasculature, Male",Creative Commons Attribution 4.0 International ([CC BY 4.0](https://creativecommons.org/licenses/by/4.0/)),HuBMAP,HBM784.ZDZF.357,https://doi.org/10.48539/hbm784.zdzf.357
ref-organ,vh-f-eye-l,v1.2,"3D Reference Organ for Eye, Female, Left",Creative Commons Attribution 4.0 International ([CC BY 4.0](https://creativecommons.org/licenses/by/4.0/)),HuBMAP,HBM378.DBLX.423,https://doi.org/10.48539/HBM378.DBLX.423
ref-organ,vh-f-eye-r,v1.2,"3D Reference Organ for Eye, Female, Right",Creative Commons Attribution 4.0 International ([CC BY 4.0](https://creativecommons.org/licenses/by/4.0/)),HuBMAP,HBM745.RCGM.944,https://doi.org/10.48539/HBM745.RCGM.944
ref-organ,vh-f-larynx,v1.0,"3D Reference Organ for Larynx, Female",Creative Commons Attribution 4.0 International ([CC BY 4.0](https://creativecommons.org/licenses/by/4.0/)),HuBMAP,HBM295.ZXSK.374,https://doi.org/10.48539/HBM295.ZXSK.374
ref-organ,vh-f-lung,v1.3,"3D Reference Organ for Lung, Female",Creative Commons Attribution 4.0 International ([CC BY 4.0](https://creativecommons.org/licenses/by/4.0/)),HuBMAP,HBM794.PKQV.978,https://doi.org/10.48539/HBM794.PKQV.978
ref-organ,vh-f-main-bronchus,v1.0,"3D Reference Organ for Main Bronchus, Female",Creative Commons Attribution 4.0 International ([CC BY 4.0](https://creativecommons.org/licenses/by/4.0/)),HuBMAP,HBM539.LVSV.683,https://doi.org/10.48539/HBM539.LVSV.683
ref-organ,vh-f-mammary-gland-l,v1.0,"3D Reference organ for Breast (mammary gland), Female left",Creative Commons Attribution 4.0 International ([CC BY 4.0](https://creativecommons.org/licenses/by/4.0/)),HuBMAP,HBM378.VWZG.633,https://doi.org/10.48539/HBM378.VWZG.633
ref-organ,vh-f-mammary-gland-r,v1.0,"3D Reference organ for Breast (mammary gland), Female right",Creative Commons Attribution 4.0 International ([CC BY 4.0](https://creativecommons.org/licenses/by/4.0/)),HuBMAP,HBM989.SNHP.535,https://doi.org/10.48539/HBM989.SNHP.535
ref-organ,vh-f-palatine-tonsil-l,v1.0,"3D Reference Organ for Palatine Tonsil, Female, Left",Creative Commons Attribution 4.0 International ([CC BY 4.0](https://creativecommons.org/licenses/by/4.0/)),HuBMAP,HBM978.QMLX.642,https://doi.org/10.48539/HBM978.QMLX.642
ref-organ,vh-f-palatine-tonsil-r,v1.0,"3D Reference Organ for Palatine Tonsil, Female, Right",Creative Commons Attribution 4.0 International ([CC BY 4.0](https://creativecommons.org/licenses/by/4.0/)),HuBMAP,HBM599.NJCF.974,https://doi.org/10.48539/HBM599.NJCF.974
ref-organ,vh-f-skin,v1.3,"3D Reference Organ for Skin, Female",Creative Commons Attribution 4.0 International ([CC BY 4.0](https://creativecommons.org/licenses/by/4.0/)),HuBMAP,HBM466.LKPQ.876,https://doi.org/10.48539/HBM466.LKPQ.876
ref-organ,vh-f-trachea,v1.0,"3D Reference Organ for Trachea, Female",Creative Commons Attribution 4.0 International ([CC BY 4.0](https://creativecommons.org/licenses/by/4.0/)),HuBMAP,HBM483.WXRQ.275,https://doi.org/10.48539/HBM483.WXRQ.275
ref-organ,vh-f-united,v1.3,"3D Reference Organ Set for United, Female",Creative Commons Attribution 4.0 International ([CC BY 4.0](https://creativecommons.org/licenses/by/4.0/)),HuBMAP,HBM245.CNSG.248,https://doi.org/10.48539/HBM245.CNSG.248
ref-organ,vh-f-united,v1.4,"3D Reference Organ Set for United, Female",Creative Commons Attribution 4.0 International ([CC BY 4.0](https://creativecommons.org/licenses/by/4.0/)),HuBMAP,HBM959.JMVR.733,https://doi.org/10.48539/HBM959.JMVR.733
ref-organ,vh-m-eye-l,v1.2,"3D Reference Organ for Eye, Male, Left",Creative Commons Attribution 4.0 International ([CC BY 4.0](https://creativecommons.org/licenses/by/4.0/)),HuBMAP,HBM858.KCTG.666,https://doi.org/10.48539/HBM858.KCTG.666
ref-organ,vh-m-eye-r,v1.2,"3D Reference Organ for Eye, Male, Right",Creative Commons Attribution 4.0 International ([CC BY 4.0](https://creativecommons.org/licenses/by/4.0/)),HuBMAP,HBM763.WQLH.975,https://doi.org/10.48539/HBM763.WQLH.975
ref-organ,vh-m-larynx,v1.0,"3D Reference Organ for Larynx, Male",Creative Commons Attribution 4.0 International ([CC BY 4.0](https://creativecommons.org/licenses/by/4.0/)),HuBMAP,HBM563.KGWS.679,https://doi.org/10.48539/HBM563.KGWS.679
ref-organ,vh-m-lung,v1.3,"3D Reference Organ for Lung, Male",Creative Commons Attribution 4.0 International ([CC BY 4.0](https://creativecommons.org/licenses/by/4.0/)),HuBMAP,HBM737.FFBT.876,https://doi.org/10.48539/HBM737.FFBT.876
ref-organ,vh-m-main-bronchus,v1.0,"3D Reference Organ for Main Bronchus, Male",Creative Commons Attribution 4.0 International ([CC BY 4.0](https://creativecommons.org/licenses/by/4.0/)),HuBMAP,HBM795.LVRX.842,https://doi.org/10.48539/HBM795.LVRX.842
ref-organ,vh-m-palatine-tonsil-l,v1.0,"3D Reference Organ for Palatine Tonsil, Male, Left",Creative Commons Attribution 4.0 International ([CC BY 4.0](https://creativecommons.org/licenses/by/4.0/)),HuBMAP,HBM659.MMSP.248,https://doi.org/10.48539/HBM659.MMSP.248
ref-organ,vh-m-palatine-tonsil-r,v1.0,"3D Reference Organ for Palatine Tonsil, Male, Right",Creative Commons Attribution 4.0 International ([CC BY 4.0](https://creativecommons.org/licenses/by/4.0/)),HuBMAP,HBM845.GXSC.628,https://doi.org/10.48539/HBM845.GXSC.628
ref-organ,vh-m-trachea,v1.0,"3D Reference Organ for Trachea, Male",Creative Commons Attribution 4.0 International ([CC BY 4.0](https://creativecommons.org/licenses/by/4.0/)),HuBMAP,HBM969.WCCJ.636,https://doi.org/10.48539/HBM969.WCCJ.636
ref-organ,vh-m-united,v1.4,"3D Reference Organ Set for United, Male",Creative Commons Attribution 4.0 International ([CC BY 4.0](https://creativecommons.org/licenses/by/4.0/)),HuBMAP,HBM728.HNBH.685,https://doi.org/10.48539/HBM728.HNBH.685 
vascular-geometry,blood-vasculature-geometry,v1.0,Blood Vasculature Geometry,Creative Commons Attribution 4.0 International ([CC BY 4.0](https://creativecommons.org/licenses/by/4.0/)),HuBMAP,HBM796.WLLL.599,https://doi.org/10.48539/HBM796.WLLL.599
